name,team,position,injury_status,injured,total_gp,total_gs,total_min,total_mpg,total_fpts,total_favg,l30_gp,l30_gs,l30_min,l30_mpg,l30_fpts,l30_favg,l15_gp,l15_gs,l15_min,l15_mpg,l15_fpts,l15_favg,l7_gp,l7_gs,l7_min,l7_mpg,l7_fpts,l7_favg,total_gp_ratio,l30_gp_ratio,l15_gp_ratio,l7_gp_ratio,total_gs_ratio,l30_gs_ratio,l15_gs_ratio,l7_gs_ratio,total_min_ratio,l30_min_ratio,l15_min_ratio,l7_min_ratio,total_mpg_ratio,l30_mpg_ratio,l15_mpg_ratio,l7_mpg_ratio,total_fpts_ratio,l30_fpts_ratio,l15_fpts_ratio,l7_fpts_ratio,total_favg_ratio,l30_favg_ratio,l15_favg_ratio,l7_favg_ratio
Andre Iguodala,GSW,SF,OUT,True,25,0,511,20,481,19,9,0,189,21,163,18,7,0,141,20,109,15,3,0,62,20,44,14,0.58,0.56,0.88,0.6,0.0,0.0,0.0,0.0,0.55,0.55,0.76,0.59,0.56,0.58,0.49,0.74,0.68,0.54,0.62,0.45,0.7,0.56,0.27,0.4
Lance Stephenson,IND,SF,ACTIVE,False,16,0,261,16,271,16,16,0,261,16,271,16,7,0,129,18,138,19,4,0,48,12,25,6,0.37,1.0,0.88,0.8,0.0,0.0,0.0,0.0,0.28,0.76,0.69,0.46,0.44,0.44,0.44,0.44,0.38,0.89,0.78,0.26,0.59,0.5,0.34,0.17
DeAndre Jordan,LAL,C,ACTIVE,False,29,18,379,13,545,18,3,0,27,9,43,14,2,0,20,10,26,13,1,0,12,12,16,16,0.67,0.19,0.25,0.2,0.56,0.0,0.0,0.0,0.41,0.08,0.11,0.11,0.36,0.25,0.24,0.44,0.77,0.14,0.15,0.16,0.67,0.44,0.23,0.46
DeMarcus Cousins,MIL,C,ACTIVE,False,17,5,286,16,438,25,8,3,157,19,262,32,0,0,0,0,0,0,0,0,0,0,0,0,0.4,0.5,0.0,0.0,0.16,0.27,0.0,0.0,0.31,0.46,0.0,0.0,0.44,0.53,0.0,0.0,0.62,0.86,0.0,0.0,0.93,1.0,0.0,0.0
Jeremy Lamb,IND,SG,ACTIVE,False,31,0,461,14,493,15,6,0,111,18,103,17,5,0,88,17,62,12,2,0,44,22,33,16,0.72,0.38,0.62,0.4,0.0,0.0,0.0,0.0,0.5,0.32,0.47,0.42,0.39,0.5,0.41,0.81,0.7,0.34,0.35,0.34,0.56,0.53,0.21,0.46
Isaiah Thomas,DAL,PG,ACTIVE,False,5,1,114,22,81,16,2,0,34,17,25,12,0,0,0,0,0,0,0,0,0,0,0,0,0.12,0.12,0.0,0.0,0.03,0.0,0.0,0.0,0.12,0.1,0.0,0.0,0.61,0.47,0.0,0.0,0.11,0.08,0.0,0.0,0.59,0.38,0.0,0.0
Willy Hernangomez,NOP,C,ACTIVE,False,22,3,343,15,611,27,5,3,86,17,121,24,0,0,0,0,0,0,0,0,0,0,0,0,0.51,0.31,0.0,0.0,0.09,0.27,0.0,0.0,0.37,0.25,0.0,0.0,0.42,0.47,0.0,0.0,0.86,0.4,0.0,0.0,1.0,0.75,0.0,0.0
Tacko Fall,CLE,C,ACTIVE,False,10,1,58,5,72,7,3,1,34,11,54,18,0,0,0,0,0,0,0,0,0,0,0,0,0.23,0.19,0.0,0.0,0.03,0.09,0.0,0.0,0.06,0.1,0.0,0.0,0.14,0.31,0.0,0.0,0.1,0.18,0.0,0.0,0.26,0.56,0.0,0.0
Torrey Craig,IND,SF,ACTIVE,False,41,4,734,17,707,17,12,3,306,25,294,24,6,3,163,27,146,24,4,3,105,26,98,24,0.95,0.75,0.75,0.8,0.12,0.27,0.5,1.0,0.79,0.89,0.88,1.0,0.47,0.69,0.66,0.96,1.0,0.97,0.82,1.0,0.63,0.75,0.43,0.69
Marc Gasol,LAL,C,ACTIVE,False,0,0,0,0,0,0,0,0,0,0,0,0,0,0,0,0,0,0,0,0,0,0,0,0,0.0,0.0,0.0,0.0,0.0,0.0,0.0,0.0,0.0,0.0,0.0,0.0,0.0,0.0,0.0,0.0,0.0,0.0,0.0,0.0,0.0,0.0,0.0,0.0
Frank Kaminsky,PHO,C,OUT,True,9,0,182,20,244,27,0,0,0,0,0,0,0,0,0,0,0,0,0,0,0,0,0,0,0.21,0.0,0.0,0.0,0.0,0.0,0.0,0.0,0.2,0.0,0.0,0.0,0.56,0.0,0.0,0.0,0.35,0.0,0.0,0.0,1.0,0.0,0.0,0.0
Grant Williams,BOS,PF,ACTIVE,False,41,13,928,22,695,16,13,4,309,23,190,14,8,2,164,20,90,11,4,2,78,19,49,12,0.95,0.81,1.0,0.8,0.41,0.36,0.33,0.67,1.0,0.9,0.88,0.74,0.61,0.64,0.49,0.7,0.98,0.63,0.51,0.5,0.59,0.44,0.2,0.34
Davis Bertans,WAS,PF,ACTIVE,False,30,0,464,15,363,12,9,0,131,14,131,14,4,0,44,11,36,9,1,0,8,8,0,0,0.7,0.56,0.5,0.2,0.0,0.0,0.0,0.0,0.5,0.38,0.24,0.08,0.42,0.39,0.27,0.3,0.51,0.43,0.2,0.0,0.44,0.44,0.16,0.0
Paul Millsap,BKN,PF,OUT,True,24,0,270,11,327,13,3,0,35,11,47,15,1,0,19,19,37,37,0,0,0,0,0,0,0.56,0.19,0.12,0.0,0.0,0.0,0.0,0.0,0.29,0.1,0.1,0.0,0.31,0.31,0.46,0.0,0.46,0.16,0.21,0.0,0.48,0.47,0.66,0.0
Ish Smith,CHA,PG,ACTIVE,False,29,1,409,14,381,13,8,0,114,14,115,14,2,0,21,10,20,10,2,0,21,10,20,10,0.67,0.5,0.25,0.4,0.03,0.0,0.0,0.0,0.44,0.33,0.11,0.2,0.39,0.39,0.24,0.37,0.54,0.38,0.11,0.2,0.48,0.44,0.18,0.29
Tomas Satoransky,NOP,PG,ACTIVE,False,31,3,463,14,341,11,4,0,63,15,75,18,0,0,0,0,0,0,0,0,0,0,0,0,0.72,0.25,0.0,0.0,0.09,0.0,0.0,0.0,0.5,0.18,0.0,0.0,0.39,0.42,0.0,0.0,0.48,0.25,0.0,0.0,0.41,0.56,0.0,0.0
Juan Toscano-Anderson,GSW,PF,ACTIVE,False,43,4,689,16,656,15,13,2,204,15,192,14,7,1,96,13,91,13,4,0,52,13,56,14,1.0,0.81,0.88,0.8,0.12,0.18,0.17,0.0,0.74,0.6,0.52,0.5,0.44,0.42,0.32,0.48,0.93,0.63,0.51,0.57,0.56,0.44,0.23,0.4
Oshae Brissett,IND,PF,ACTIVE,False,35,1,652,18,626,17,14,1,312,22,303,21,7,0,154,22,135,19,4,0,76,19,65,16,0.81,0.88,0.88,0.8,0.03,0.09,0.0,0.0,0.7,0.91,0.83,0.72,0.5,0.61,0.54,0.7,0.89,1.0,0.76,0.66,0.63,0.66,0.34,0.46
Thanasis Antetokounmpo,MIL,SF,ACTIVE,False,27,5,331,12,307,11,5,0,27,5,19,3,3,0,17,5,16,5,0,0,0,0,0,0,0.63,0.31,0.38,0.0,0.16,0.0,0.0,0.0,0.36,0.08,0.09,0.0,0.33,0.14,0.12,0.0,0.43,0.06,0.09,0.0,0.41,0.09,0.09,0.0
Willie Cauley-Stein,DAL,C,ACTIVE,False,18,2,178,9,141,7,0,0,0,0,0,0,0,0,0,0,0,0,0,0,0,0,0,0,0.42,0.0,0.0,0.0,0.06,0.0,0.0,0.0,0.19,0.0,0.0,0.0,0.25,0.0,0.0,0.0,0.2,0.0,0.0,0.0,0.26,0.0,0.0,0.0
Payton Pritchard,BOS,PG,ACTIVE,False,36,2,491,13,448,12,11,2,225,20,221,20,5,0,69,13,62,12,4,0,58,14,55,13,0.84,0.69,0.62,0.8,0.06,0.18,0.0,0.0,0.53,0.66,0.37,0.55,0.36,0.56,0.32,0.52,0.63,0.73,0.35,0.56,0.44,0.62,0.21,0.37
Raul Neto,WAS,PG,ACTIVE,False,38,0,778,20,673,17,8,0,171,21,125,15,6,0,120,20,89,14,2,0,42,21,22,11,0.88,0.5,0.75,0.4,0.0,0.0,0.0,0.0,0.84,0.5,0.65,0.4,0.56,0.58,0.49,0.78,0.95,0.41,0.5,0.22,0.63,0.47,0.25,0.31
Taurean Prince,MIN,SF,ACTIVE,False,34,8,491,14,376,11,10,0,121,12,110,11,7,0,77,11,62,8,3,0,36,12,32,10,0.79,0.62,0.88,0.6,0.25,0.0,0.0,0.0,0.53,0.35,0.41,0.34,0.39,0.33,0.27,0.44,0.53,0.36,0.35,0.33,0.41,0.34,0.14,0.29
Trevor Ariza,LAL,SF,ACTIVE,False,11,4,203,18,147,13,9,4,167,18,112,12,6,3,115,19,83,13,3,2,63,21,40,13,0.26,0.56,0.75,0.6,0.12,0.36,0.5,0.67,0.22,0.49,0.62,0.6,0.5,0.5,0.46,0.78,0.21,0.37,0.47,0.41,0.48,0.38,0.23,0.37
Kira Lewis Jr.,NOP,PG,OUT,True,24,0,341,14,336,14,0,0,0,0,0,0,0,0,0,0,0,0,0,0,0,0,0,0,0.56,0.0,0.0,0.0,0.0,0.0,0.0,0.0,0.37,0.0,0.0,0.0,0.39,0.0,0.0,0.0,0.48,0.0,0.0,0.0,0.52,0.0,0.0,0.0
JaMychal Green,DEN,PF,OUT,True,35,7,523,14,562,16,10,3,164,16,186,18,3,3,58,19,62,20,0,0,0,0,0,0,0.81,0.62,0.38,0.0,0.22,0.27,0.5,0.0,0.56,0.48,0.31,0.0,0.39,0.44,0.46,0.0,0.79,0.61,0.35,0.0,0.59,0.56,0.36,0.0
Derrick Walton Jr.,DET,PG,ACTIVE,False,3,3,108,36,76,25,3,3,108,36,76,25,0,0,0,0,0,0,0,0,0,0,0,0,0.07,0.19,0.0,0.0,0.09,0.27,0.0,0.0,0.12,0.32,0.0,0.0,1.0,1.0,0.0,0.0,0.11,0.25,0.0,0.0,0.93,0.78,0.0,0.0
Boban Marjanovic,DAL,C,ACTIVE,False,15,0,95,6,162,10,1,0,3,3,0,0,0,0,0,0,0,0,0,0,0,0,0,0,0.35,0.06,0.0,0.0,0.0,0.0,0.0,0.0,0.1,0.01,0.0,0.0,0.17,0.08,0.0,0.0,0.23,0.0,0.0,0.0,0.37,0.0,0.0,0.0
Kostas Antetokounmpo,LAL,PF,ACTIVE,False,0,0,0,0,0,0,0,0,0,0,0,0,0,0,0,0,0,0,0,0,0,0,0,0,0.0,0.0,0.0,0.0,0.0,0.0,0.0,0.0,0.0,0.0,0.0,0.0,0.0,0.0,0.0,0.0,0.0,0.0,0.0,0.0,0.0,0.0,0.0,0.0
Luka Garza,DET,C,OUT,True,27,5,324,12,383,14,9,3,162,18,209,23,3,0,35,11,50,16,1,0,7,7,11,11,0.63,0.56,0.38,0.2,0.16,0.27,0.0,0.0,0.35,0.47,0.19,0.07,0.33,0.5,0.27,0.26,0.54,0.69,0.28,0.11,0.52,0.72,0.29,0.31
Elfrid Payton,PHO,PG,ACTIVE,False,24,0,267,11,257,10,9,0,77,8,77,8,4,0,25,6,23,5,3,0,10,3,9,3,0.56,0.56,0.5,0.6,0.0,0.0,0.0,0.0,0.29,0.23,0.13,0.1,0.31,0.22,0.15,0.11,0.36,0.25,0.13,0.09,0.37,0.25,0.09,0.09
Ben McLemore,POR,SG,ACTIVE,False,27,4,462,17,400,14,10,4,239,23,205,20,7,4,172,24,142,20,3,1,69,23,42,14,0.63,0.62,0.88,0.6,0.12,0.36,0.67,0.33,0.5,0.7,0.92,0.66,0.47,0.64,0.59,0.85,0.57,0.68,0.8,0.43,0.52,0.62,0.36,0.4
Frank Jackson,DET,PG,OUT,True,33,5,749,22,604,18,3,3,87,29,75,25,0,0,0,0,0,0,0,0,0,0,0,0,0.77,0.19,0.0,0.0,0.16,0.27,0.0,0.0,0.81,0.25,0.0,0.0,0.61,0.81,0.0,0.0,0.85,0.25,0.0,0.0,0.67,0.78,0.0,0.0
DeAndre' Bembry,BKN,SF,DAY_TO_DAY,False,38,16,746,19,634,16,12,5,237,19,207,17,6,2,95,15,62,10,1,0,17,17,8,8,0.88,0.75,0.75,0.2,0.5,0.45,0.33,0.0,0.8,0.69,0.51,0.16,0.53,0.53,0.37,0.63,0.9,0.68,0.35,0.08,0.59,0.53,0.18,0.23
Garrett Temple,NOP,SG,ACTIVE,False,43,12,834,19,649,15,13,3,291,22,214,16,7,1,133,19,66,9,3,0,50,16,12,4,1.0,0.81,0.88,0.6,0.38,0.27,0.17,0.0,0.9,0.85,0.72,0.48,0.53,0.61,0.46,0.59,0.92,0.71,0.37,0.12,0.56,0.5,0.16,0.11
Jalen McDaniels,CHA,PF,ACTIVE,False,38,2,680,17,683,17,12,2,247,20,237,19,6,0,100,16,90,15,3,0,55,18,53,17,0.88,0.75,0.75,0.6,0.06,0.18,0.0,0.0,0.73,0.72,0.54,0.52,0.47,0.56,0.39,0.67,0.97,0.78,0.51,0.54,0.63,0.59,0.27,0.49
Gorgui Dieng,ATL,C,DAY_TO_DAY,False,32,3,309,9,398,12,8,3,113,14,143,17,4,2,34,8,36,9,3,2,32,10,30,10,0.74,0.5,0.5,0.6,0.09,0.27,0.33,0.67,0.33,0.33,0.18,0.3,0.25,0.39,0.2,0.37,0.56,0.47,0.2,0.31,0.44,0.53,0.16,0.29
Austin Rivers,DEN,SG,ACTIVE,False,31,9,632,20,370,11,12,6,299,24,181,15,5,1,113,22,70,14,1,0,7,7,0,0,0.72,0.75,0.62,0.2,0.28,0.55,0.17,0.0,0.68,0.87,0.61,0.07,0.56,0.67,0.54,0.26,0.52,0.6,0.4,0.0,0.41,0.47,0.25,0.0
Taj Gibson,NYK,PF,ACTIVE,False,29,3,556,19,454,15,14,2,276,19,234,16,7,0,131,18,103,14,4,0,79,19,57,14,0.67,0.88,0.88,0.8,0.09,0.18,0.0,0.0,0.6,0.81,0.7,0.75,0.53,0.53,0.44,0.7,0.64,0.77,0.58,0.58,0.56,0.5,0.25,0.4
Aaron Holiday,WAS,PG,ACTIVE,False,35,10,566,16,493,14,5,2,84,16,89,17,3,0,28,9,41,13,2,0,15,7,28,14,0.81,0.31,0.38,0.4,0.31,0.18,0.0,0.0,0.61,0.25,0.15,0.14,0.44,0.44,0.22,0.26,0.7,0.29,0.23,0.29,0.52,0.53,0.23,0.4
Alex Len,SAC,C,ACTIVE,False,30,9,524,17,612,20,9,2,168,18,234,26,6,2,118,19,177,29,2,0,25,12,29,14,0.7,0.56,0.75,0.4,0.28,0.18,0.33,0.0,0.56,0.49,0.63,0.24,0.47,0.5,0.46,0.44,0.87,0.77,1.0,0.3,0.74,0.81,0.52,0.4
D.J. Wilson,TOR,PF,ACTIVE,False,3,1,48,16,69,23,3,1,48,16,69,23,1,0,1,1,0,0,0,0,0,0,0,0,0.07,0.19,0.12,0.0,0.03,0.09,0.0,0.0,0.05,0.14,0.01,0.0,0.44,0.44,0.02,0.0,0.1,0.23,0.0,0.0,0.85,0.72,0.0,0.0
Trey Murphy III,NOP,SG,ACTIVE,False,36,0,460,12,364,10,6,0,58,9,51,8,2,0,5,2,13,6,1,0,2,2,1,1,0.84,0.38,0.25,0.2,0.0,0.0,0.0,0.0,0.5,0.17,0.03,0.02,0.33,0.25,0.05,0.07,0.51,0.17,0.07,0.01,0.37,0.25,0.11,0.03
Austin Reaves,LAL,SG,ACTIVE,False,26,0,548,21,370,14,9,0,213,23,143,15,6,0,142,23,106,17,3,0,73,24,42,14,0.6,0.56,0.75,0.6,0.0,0.0,0.0,0.0,0.59,0.62,0.76,0.7,0.58,0.64,0.56,0.89,0.52,0.47,0.6,0.43,0.52,0.47,0.3,0.4
Cody Zeller,POR,C,OUT,True,27,0,356,13,469,17,3,0,37,12,58,19,3,0,37,12,58,19,0,0,0,0,0,0,0.63,0.19,0.38,0.0,0.0,0.0,0.0,0.0,0.38,0.11,0.2,0.0,0.36,0.33,0.29,0.0,0.66,0.19,0.33,0.0,0.63,0.59,0.34,0.0
D.J. Augustin,HOU,PG,ACTIVE,False,33,2,495,15,386,11,6,0,101,16,86,14,3,0,47,15,42,14,1,0,12,12,15,15,0.77,0.38,0.38,0.2,0.06,0.0,0.0,0.0,0.53,0.3,0.25,0.11,0.42,0.44,0.37,0.44,0.55,0.28,0.24,0.15,0.41,0.44,0.25,0.43
Avery Bradley,LAL,SG,ACTIVE,False,37,32,885,23,580,15,11,11,283,25,202,18,6,6,145,24,101,16,3,3,71,23,27,9,0.86,0.69,0.75,0.6,1.0,1.0,1.0,1.0,0.95,0.83,0.78,0.68,0.64,0.69,0.59,0.85,0.82,0.67,0.57,0.28,0.56,0.56,0.29,0.26
Jared Butler,UTA,SG,ACTIVE,False,20,1,114,5,108,5,3,1,41,13,32,10,1,1,32,32,26,26,0,0,0,0,0,0,0.47,0.19,0.12,0.0,0.03,0.09,0.17,0.0,0.12,0.12,0.17,0.0,0.14,0.36,0.78,0.0,0.15,0.11,0.15,0.0,0.19,0.31,0.46,0.0
Danuel House Jr.,UTA,SF,ACTIVE,False,21,1,301,14,256,12,5,0,68,13,51,10,4,0,65,16,51,12,1,0,11,11,9,9,0.49,0.31,0.5,0.2,0.03,0.0,0.0,0.0,0.32,0.2,0.35,0.1,0.39,0.36,0.39,0.41,0.36,0.17,0.29,0.09,0.44,0.31,0.21,0.26
Kyle Guy,MIA,SG,ACTIVE,False,7,0,121,17,112,16,7,0,121,17,112,16,3,0,32,10,20,6,1,0,18,18,11,11,0.16,0.44,0.38,0.2,0.0,0.0,0.0,0.0,0.13,0.35,0.17,0.17,0.47,0.47,0.24,0.67,0.16,0.37,0.11,0.11,0.59,0.5,0.11,0.31
Greg Monroe,WAS,C,ACTIVE,False,5,0,81,16,126,25,5,0,81,16,126,25,2,0,18,9,36,18,0,0,0,0,0,0,0.12,0.31,0.25,0.0,0.0,0.0,0.0,0.0,0.09,0.24,0.1,0.0,0.44,0.44,0.22,0.0,0.18,0.42,0.2,0.0,0.93,0.78,0.32,0.0
Stanley Johnson,LAL,SF,ACTIVE,False,11,5,225,20,166,15,11,5,225,20,166,15,6,2,99,16,86,14,3,0,54,18,53,17,0.26,0.69,0.75,0.6,0.16,0.45,0.33,0.0,0.24,0.66,0.53,0.51,0.56,0.56,0.39,0.67,0.23,0.55,0.49,0.54,0.56,0.47,0.25,0.49
Armoni Brooks,HOU,PG,ACTIVE,False,35,8,624,17,539,15,9,2,195,21,147,16,3,0,40,13,40,13,2,0,25,12,29,14,0.81,0.56,0.38,0.4,0.25,0.18,0.0,0.0,0.67,0.57,0.22,0.24,0.47,0.58,0.32,0.44,0.76,0.49,0.23,0.3,0.56,0.5,0.23,0.4
Tony Bradley,CHI,C,ACTIVE,False,31,7,390,12,478,15,8,0,99,12,124,15,8,0,99,12,124,15,4,0,53,13,49,12,0.72,0.5,1.0,0.8,0.22,0.0,0.0,0.0,0.42,0.29,0.53,0.5,0.33,0.33,0.29,0.48,0.68,0.41,0.7,0.5,0.56,0.47,0.27,0.34
Wayne Ellington,LAL,SG,ACTIVE,False,30,8,609,20,383,12,6,2,84,14,69,11,3,0,35,11,30,10,1,0,15,15,5,5,0.7,0.38,0.38,0.2,0.25,0.18,0.0,0.0,0.66,0.25,0.19,0.14,0.56,0.39,0.27,0.56,0.54,0.23,0.17,0.05,0.44,0.34,0.18,0.14
Drew Eubanks,SAS,PF,ACTIVE,False,40,8,502,12,643,16,11,0,111,10,132,12,5,0,71,14,72,14,3,0,33,11,41,13,0.93,0.69,0.62,0.6,0.25,0.0,0.0,0.0,0.54,0.32,0.38,0.31,0.33,0.28,0.34,0.41,0.91,0.44,0.41,0.42,0.59,0.38,0.25,0.37
Romeo Langford,BOS,SG,ACTIVE,False,35,5,631,18,479,13,11,4,195,17,159,14,5,0,44,8,31,6,3,0,39,13,23,7,0.81,0.69,0.62,0.6,0.16,0.36,0.0,0.0,0.68,0.57,0.24,0.37,0.5,0.47,0.2,0.48,0.68,0.52,0.18,0.23,0.48,0.44,0.11,0.2
Justise Winslow,LAC,SF,ACTIVE,False,31,1,365,11,428,13,10,0,153,15,204,20,3,0,46,15,57,19,1,0,14,14,21,21,0.72,0.62,0.38,0.2,0.03,0.0,0.0,0.0,0.39,0.45,0.25,0.13,0.31,0.42,0.37,0.52,0.61,0.67,0.32,0.21,0.48,0.62,0.34,0.6
Lamar Stevens,CLE,PF,DAY_TO_DAY,False,30,8,457,15,392,13,10,7,244,24,224,22,6,6,151,25,153,25,2,2,50,25,36,18,0.7,0.62,0.75,0.4,0.25,0.64,1.0,0.67,0.49,0.71,0.81,0.48,0.42,0.67,0.61,0.93,0.55,0.74,0.86,0.37,0.48,0.69,0.45,0.51
Markieff Morris,MIA,PF,OUT,True,10,0,188,18,172,17,0,0,0,0,0,0,0,0,0,0,0,0,0,0,0,0,0,0,0.23,0.0,0.0,0.0,0.0,0.0,0.0,0.0,0.2,0.0,0.0,0.0,0.5,0.0,0.0,0.0,0.24,0.0,0.0,0.0,0.63,0.0,0.0,0.0
Juancho Hernangomez,SAS,PF,ACTIVE,False,18,0,99,5,81,4,3,0,34,11,27,9,1,0,2,2,0,0,0,0,0,0,0,0,0.42,0.19,0.12,0.0,0.0,0.0,0.0,0.0,0.11,0.1,0.01,0.0,0.14,0.31,0.05,0.0,0.11,0.09,0.0,0.0,0.15,0.28,0.0,0.0
Miles McBride,NYK,PG,ACTIVE,False,15,2,146,9,118,7,8,2,77,9,38,4,4,0,10,2,8,2,1,0,3,3,5,5,0.35,0.5,0.5,0.2,0.06,0.18,0.0,0.0,0.16,0.23,0.05,0.03,0.25,0.25,0.05,0.11,0.17,0.13,0.05,0.05,0.26,0.12,0.04,0.14
Yuta Watanabe,TOR,SF,ACTIVE,False,17,4,313,18,300,17,7,4,119,17,101,14,3,2,28,9,6,2,2,1,13,6,4,2,0.4,0.44,0.38,0.4,0.12,0.36,0.33,0.33,0.34,0.35,0.15,0.12,0.5,0.47,0.22,0.22,0.42,0.33,0.03,0.04,0.63,0.44,0.04,0.06
James Johnson,BKN,PF,ACTIVE,False,29,2,499,17,457,15,11,0,173,15,140,12,5,0,42,8,45,9,0,0,0,0,0,0,0.67,0.69,0.62,0.0,0.06,0.0,0.0,0.0,0.54,0.51,0.23,0.0,0.47,0.42,0.2,0.0,0.65,0.46,0.25,0.0,0.56,0.38,0.16,0.0
Dwayne Bacon,NYK,SG,ACTIVE,False,0,0,0,0,0,0,0,0,0,0,0,0,0,0,0,0,0,0,0,0,0,0,0,0,0.0,0.0,0.0,0.0,0.0,0.0,0.0,0.0,0.0,0.0,0.0,0.0,0.0,0.0,0.0,0.0,0.0,0.0,0.0,0.0,0.0,0.0,0.0,0.0
Dean Wade,CLE,PF,ACTIVE,False,31,16,578,18,448,14,10,3,143,14,113,11,3,0,10,3,0,0,1,0,2,2,0,0,0.72,0.62,0.38,0.2,0.5,0.27,0.0,0.0,0.62,0.42,0.05,0.02,0.5,0.39,0.07,0.07,0.63,0.37,0.0,0.0,0.52,0.34,0.0,0.0
Sterling Brown,DAL,SG,DAY_TO_DAY,False,36,3,514,14,481,13,14,2,204,14,196,14,6,0,60,10,49,8,3,0,25,8,11,3,0.84,0.88,0.75,0.6,0.09,0.18,0.0,0.0,0.55,0.6,0.32,0.24,0.39,0.39,0.24,0.3,0.68,0.65,0.28,0.11,0.48,0.44,0.14,0.09
Svi Mykhailiuk,TOR,SG,ACTIVE,False,38,5,643,16,534,14,9,1,124,13,79,8,5,0,37,7,18,3,2,0,14,7,2,1,0.88,0.56,0.62,0.4,0.16,0.09,0.0,0.0,0.69,0.36,0.2,0.13,0.44,0.36,0.17,0.26,0.76,0.26,0.1,0.02,0.52,0.25,0.05,0.03
David Duke Jr.,BKN,SG,ACTIVE,False,13,7,244,18,252,19,8,4,107,13,92,11,6,3,80,13,85,14,1,0,2,2,0,0,0.3,0.5,0.75,0.2,0.22,0.36,0.5,0.0,0.26,0.31,0.43,0.02,0.5,0.36,0.32,0.07,0.36,0.3,0.48,0.0,0.7,0.34,0.25,0.0
Josh Okogie,MIN,SG,ACTIVE,False,29,6,371,12,256,8,9,1,97,10,67,7,6,0,65,10,40,6,2,0,17,8,11,5,0.67,0.56,0.75,0.4,0.19,0.09,0.0,0.0,0.4,0.28,0.35,0.16,0.33,0.28,0.24,0.3,0.36,0.22,0.23,0.11,0.3,0.22,0.11,0.14
P.J. Dozier,BOS,PG,OUT,True,18,0,342,19,301,16,0,0,0,0,0,0,0,0,0,0,0,0,0,0,0,0,0,0,0.42,0.0,0.0,0.0,0.0,0.0,0.0,0.0,0.37,0.0,0.0,0.0,0.53,0.0,0.0,0.0,0.43,0.0,0.0,0.0,0.59,0.0,0.0,0.0
Trey Burke,DAL,PG,ACTIVE,False,22,0,269,12,295,13,4,0,27,6,20,5,4,0,27,6,20,5,3,0,11,3,8,2,0.51,0.25,0.5,0.6,0.0,0.0,0.0,0.0,0.29,0.08,0.15,0.1,0.33,0.17,0.15,0.11,0.42,0.07,0.11,0.08,0.48,0.16,0.09,0.06
Damian Jones,SAC,C,ACTIVE,False,27,4,381,14,457,16,11,4,217,19,251,22,3,1,37,12,32,10,2,0,29,14,28,14,0.63,0.69,0.38,0.4,0.12,0.36,0.17,0.0,0.41,0.63,0.2,0.28,0.39,0.53,0.29,0.52,0.65,0.83,0.18,0.29,0.59,0.69,0.18,0.4
Dario Saric,PHO,PF,OUT,True,0,0,0,0,0,0,0,0,0,0,0,0,0,0,0,0,0,0,0,0,0,0,0,0,0.0,0.0,0.0,0.0,0.0,0.0,0.0,0.0,0.0,0.0,0.0,0.0,0.0,0.0,0.0,0.0,0.0,0.0,0.0,0.0,0.0,0.0,0.0,0.0
Rodney McGruder,DET,SG,ACTIVE,False,19,0,215,11,199,10,5,0,104,20,107,21,4,0,83,20,86,21,2,0,54,27,71,35,0.44,0.31,0.5,0.4,0.0,0.0,0.0,0.0,0.23,0.3,0.45,0.51,0.31,0.56,0.49,1.0,0.28,0.35,0.49,0.72,0.37,0.66,0.38,1.0
David Nwaba,HOU,SG,ACTIVE,False,33,4,469,14,571,17,10,4,195,19,241,24,3,0,46,15,53,17,0,0,0,0,0,0,0.77,0.62,0.38,0.0,0.12,0.36,0.0,0.0,0.51,0.57,0.25,0.0,0.39,0.53,0.37,0.0,0.81,0.8,0.3,0.0,0.63,0.75,0.3,0.0
Jock Landale,SAS,C,ACTIVE,False,26,1,289,11,370,14,14,1,227,16,279,19,7,1,117,16,137,19,4,1,66,16,81,20,0.6,0.88,0.88,0.8,0.03,0.09,0.17,0.33,0.31,0.66,0.63,0.63,0.31,0.44,0.39,0.59,0.52,0.92,0.77,0.83,0.52,0.59,0.34,0.57
Keifer Sykes,IND,SG,ACTIVE,False,11,7,245,22,196,17,11,7,245,22,196,17,6,4,111,18,82,13,3,2,52,17,31,10,0.26,0.69,0.75,0.6,0.22,0.64,0.67,0.67,0.26,0.72,0.6,0.5,0.61,0.61,0.44,0.63,0.28,0.65,0.46,0.32,0.63,0.53,0.23,0.29
Usman Garuba,HOU,PF,ACTIVE,False,15,0,105,7,120,8,4,0,35,8,36,9,1,0,5,5,9,9,0,0,0,0,0,0,0.35,0.25,0.12,0.0,0.0,0.0,0.0,0.0,0.11,0.1,0.03,0.0,0.19,0.22,0.12,0.0,0.17,0.12,0.05,0.0,0.3,0.28,0.16,0.0
Wesley Matthews,MIL,SF,ACTIVE,False,19,6,399,21,275,14,15,6,342,22,251,16,7,5,186,26,132,18,3,1,70,23,37,12,0.44,0.94,0.88,0.6,0.19,0.55,0.83,0.33,0.43,1.0,1.0,0.67,0.58,0.61,0.63,0.85,0.39,0.83,0.75,0.38,0.52,0.5,0.32,0.34
Ty Jerome,OKC,PG,ACTIVE,False,35,3,542,15,523,14,13,2,241,18,247,19,6,0,103,17,93,15,3,0,58,19,46,15,0.81,0.81,0.75,0.6,0.09,0.18,0.0,0.0,0.58,0.7,0.55,0.55,0.42,0.5,0.41,0.7,0.74,0.82,0.53,0.47,0.52,0.59,0.27,0.43
Dalano Banton,TOR,PG,ACTIVE,False,33,1,388,11,361,10,6,1,46,7,24,4,2,0,8,4,1,0,1,0,6,6,1,1,0.77,0.38,0.25,0.2,0.03,0.09,0.0,0.0,0.42,0.13,0.04,0.06,0.31,0.19,0.1,0.22,0.51,0.08,0.01,0.01,0.37,0.12,0.0,0.03
Kevin Knox II,ATL,SF,ACTIVE,False,14,0,114,8,113,8,6,0,43,7,36,6,4,0,10,2,6,1,1,0,3,3,3,3,0.33,0.38,0.5,0.2,0.0,0.0,0.0,0.0,0.12,0.13,0.05,0.03,0.22,0.19,0.05,0.11,0.16,0.12,0.03,0.03,0.3,0.19,0.02,0.09
Jose Alvarado,NOP,PG,ACTIVE,False,18,0,167,9,167,9,10,0,127,12,121,12,7,0,102,14,113,16,3,0,51,17,53,17,0.42,0.62,0.88,0.6,0.0,0.0,0.0,0.0,0.18,0.37,0.55,0.49,0.25,0.33,0.34,0.63,0.24,0.4,0.64,0.54,0.33,0.38,0.29,0.49
Udonis Haslem,MIA,PF,ACTIVE,False,8,0,52,6,68,8,2,0,23,11,40,20,0,0,0,0,0,0,0,0,0,0,0,0,0.19,0.12,0.0,0.0,0.0,0.0,0.0,0.0,0.06,0.07,0.0,0.0,0.17,0.31,0.0,0.0,0.1,0.13,0.0,0.0,0.3,0.62,0.0,0.0
Zeke Nnaji,DEN,PF,ACTIVE,False,27,0,405,15,419,15,10,0,153,15,156,15,7,0,108,15,130,18,3,0,47,15,50,16,0.63,0.62,0.88,0.6,0.0,0.0,0.0,0.0,0.44,0.45,0.58,0.45,0.42,0.42,0.37,0.56,0.59,0.51,0.73,0.51,0.56,0.47,0.32,0.46
Denzel Valentine,UTA,SG,ACTIVE,False,24,0,224,9,187,7,5,0,95,19,97,19,2,0,19,9,12,6,1,0,2,2,2,2,0.56,0.31,0.25,0.2,0.0,0.0,0.0,0.0,0.24,0.28,0.1,0.02,0.25,0.53,0.22,0.07,0.26,0.32,0.07,0.02,0.26,0.59,0.11,0.06
Davon Reed,DEN,SG,ACTIVE,False,18,2,300,16,256,14,12,0,199,16,164,13,6,0,88,14,79,13,3,0,61,20,45,15,0.42,0.75,0.75,0.6,0.06,0.0,0.0,0.0,0.32,0.58,0.47,0.58,0.44,0.44,0.34,0.74,0.36,0.54,0.45,0.46,0.52,0.41,0.23,0.43
Marcus Zegarowski,BKN,PG,ACTIVE,False,0,0,0,0,0,0,0,0,0,0,0,0,0,0,0,0,0,0,0,0,0,0,0,0,0.0,0.0,0.0,0.0,0.0,0.0,0.0,0.0,0.0,0.0,0.0,0.0,0.0,0.0,0.0,0.0,0.0,0.0,0.0,0.0,0.0,0.0,0.0,0.0
Paul Reed,PHL,PF,ACTIVE,False,21,2,183,8,188,8,6,0,42,7,32,5,2,0,5,2,2,1,1,0,4,4,2,2,0.49,0.38,0.25,0.2,0.06,0.0,0.0,0.0,0.2,0.12,0.03,0.04,0.22,0.19,0.05,0.15,0.27,0.11,0.01,0.02,0.3,0.16,0.02,0.06
Isaac Bonga,TOR,SF,ACTIVE,False,12,0,62,5,38,3,1,0,4,4,3,3,0,0,0,0,0,0,0,0,0,0,0,0,0.28,0.06,0.0,0.0,0.0,0.0,0.0,0.0,0.07,0.01,0.0,0.0,0.14,0.11,0.0,0.0,0.05,0.01,0.0,0.0,0.11,0.09,0.0,0.0
Michael Carter-Williams,ORL,PG,OUT,True,0,0,0,0,0,0,0,0,0,0,0,0,0,0,0,0,0,0,0,0,0,0,0,0,0.0,0.0,0.0,0.0,0.0,0.0,0.0,0.0,0.0,0.0,0.0,0.0,0.0,0.0,0.0,0.0,0.0,0.0,0.0,0.0,0.0,0.0,0.0,0.0
Jordan McLaughlin,MIN,PG,OUT,True,28,2,314,11,241,8,8,2,96,12,85,10,2,0,8,4,5,2,0,0,0,0,0,0,0.65,0.5,0.25,0.0,0.06,0.18,0.0,0.0,0.34,0.28,0.04,0.0,0.31,0.33,0.1,0.0,0.34,0.28,0.03,0.0,0.3,0.31,0.04,0.0
Wang Zhelin,MEM,C,ACTIVE,False,0,0,0,0,0,0,0,0,0,0,0,0,0,0,0,0,0,0,0,0,0,0,0,0,0.0,0.0,0.0,0.0,0.0,0.0,0.0,0.0,0.0,0.0,0.0,0.0,0.0,0.0,0.0,0.0,0.0,0.0,0.0,0.0,0.0,0.0,0.0,0.0
Duane Washington Jr.,IND,PG,ACTIVE,False,14,7,273,19,213,15,11,7,266,24,204,18,6,3,117,19,88,14,3,1,48,16,27,9,0.33,0.69,0.75,0.6,0.22,0.64,0.5,0.33,0.29,0.78,0.63,0.46,0.53,0.67,0.46,0.59,0.3,0.67,0.5,0.28,0.56,0.56,0.25,0.26
Sandro Mamukelashvili,MIL,C,ACTIVE,False,23,2,268,11,252,10,6,0,70,11,67,11,4,0,44,11,38,9,0,0,0,0,0,0,0.53,0.38,0.5,0.0,0.06,0.0,0.0,0.0,0.29,0.2,0.24,0.0,0.31,0.31,0.27,0.0,0.36,0.22,0.21,0.0,0.37,0.34,0.16,0.0
Isaiah Joe,PHL,SG,ACTIVE,False,29,0,349,12,246,8,10,0,126,12,98,9,6,0,78,13,47,7,4,0,46,11,21,5,0.67,0.62,0.75,0.8,0.0,0.0,0.0,0.0,0.38,0.37,0.42,0.44,0.33,0.33,0.32,0.41,0.35,0.32,0.27,0.21,0.3,0.28,0.12,0.14
Frank Ntilikina,DAL,PG,ACTIVE,False,36,5,459,12,375,10,14,4,177,12,145,10,8,0,40,5,43,5,5,0,21,4,16,3,0.84,0.88,1.0,1.0,0.16,0.36,0.0,0.0,0.49,0.52,0.22,0.2,0.33,0.33,0.12,0.15,0.53,0.48,0.24,0.16,0.37,0.31,0.09,0.09
Jevon Carter,BKN,PG,ACTIVE,False,34,1,390,11,268,7,7,0,75,10,65,9,4,0,40,10,30,7,1,0,2,2,3,3,0.79,0.44,0.5,0.2,0.03,0.0,0.0,0.0,0.42,0.22,0.22,0.02,0.31,0.28,0.24,0.07,0.38,0.21,0.17,0.03,0.26,0.28,0.12,0.09
Rodney Hood,MIL,SG,ACTIVE,False,34,0,536,15,334,9,10,0,158,15,86,8,5,0,79,15,41,8,1,0,8,8,2,2,0.79,0.62,0.62,0.2,0.0,0.0,0.0,0.0,0.58,0.46,0.42,0.08,0.42,0.42,0.37,0.3,0.47,0.28,0.23,0.02,0.33,0.25,0.14,0.06
Maurice Harkless,SAC,SF,ACTIVE,False,30,14,550,18,326,10,8,0,114,14,89,11,3,0,34,11,32,10,1,0,19,19,14,14,0.7,0.5,0.38,0.2,0.44,0.0,0.0,0.0,0.59,0.33,0.18,0.18,0.5,0.39,0.27,0.7,0.46,0.29,0.18,0.14,0.37,0.34,0.18,0.4
Jordan Bell,CHI,C,ACTIVE,False,1,0,2,2,2,2,1,0,2,2,2,2,1,0,2,2,2,2,0,0,0,0,0,0,0.02,0.06,0.12,0.0,0.0,0.0,0.0,0.0,0.0,0.01,0.01,0.0,0.06,0.06,0.05,0.0,0.0,0.01,0.01,0.0,0.07,0.06,0.04,0.0
Alize Johnson,WAS,PF,ACTIVE,False,18,0,138,7,149,8,3,0,18,6,29,9,0,0,0,0,0,0,0,0,0,0,0,0,0.42,0.19,0.0,0.0,0.0,0.0,0.0,0.0,0.15,0.05,0.0,0.0,0.19,0.17,0.0,0.0,0.21,0.1,0.0,0.0,0.3,0.28,0.0,0.0
Jaden Springer,PHL,PG,ACTIVE,False,2,0,6,3,9,4,1,0,4,4,9,9,0,0,0,0,0,0,0,0,0,0,0,0,0.05,0.06,0.0,0.0,0.0,0.0,0.0,0.0,0.01,0.01,0.0,0.0,0.08,0.11,0.0,0.0,0.01,0.03,0.0,0.0,0.15,0.28,0.0,0.0
JT Thor,CHA,PF,ACTIVE,False,10,0,109,10,76,7,3,0,14,4,10,3,0,0,0,0,0,0,0,0,0,0,0,0,0.23,0.19,0.0,0.0,0.0,0.0,0.0,0.0,0.12,0.04,0.0,0.0,0.28,0.11,0.0,0.0,0.11,0.03,0.0,0.0,0.26,0.09,0.0,0.0
Justin Jackson,PHO,SF,ACTIVE,False,4,0,25,6,30,7,4,0,25,6,30,7,2,0,15,7,26,13,0,0,0,0,0,0,0.09,0.25,0.25,0.0,0.0,0.0,0.0,0.0,0.03,0.07,0.08,0.0,0.17,0.17,0.17,0.0,0.04,0.1,0.15,0.0,0.26,0.22,0.23,0.0
Brad Wanamaker,WAS,PG,ACTIVE,False,23,2,319,13,245,10,3,1,45,15,33,11,0,0,0,0,0,0,0,0,0,0,0,0,0.53,0.19,0.0,0.0,0.06,0.09,0.0,0.0,0.34,0.13,0.0,0.0,0.36,0.42,0.0,0.0,0.35,0.11,0.0,0.0,0.37,0.34,0.0,0.0
Brandon Goodwin,CLE,PG,ACTIVE,False,8,0,128,16,142,17,8,0,128,16,142,17,5,0,59,11,72,14,4,0,45,11,64,16,0.19,0.5,0.62,0.8,0.0,0.0,0.0,0.0,0.14,0.37,0.32,0.43,0.44,0.44,0.27,0.41,0.2,0.47,0.41,0.65,0.63,0.53,0.25,0.46
Dylan Windler,CLE,SF,ACTIVE,False,30,0,325,10,267,8,10,0,121,12,106,10,7,0,82,11,74,10,3,0,50,16,39,13,0.7,0.62,0.88,0.6,0.0,0.0,0.0,0.0,0.35,0.35,0.44,0.48,0.28,0.33,0.27,0.59,0.38,0.35,0.42,0.4,0.3,0.31,0.18,0.37
Matt Thomas,CHI,SG,ACTIVE,False,20,0,232,11,182,9,12,0,184,15,153,12,7,0,98,14,96,13,4,0,82,20,68,17,0.47,0.75,0.88,0.8,0.0,0.0,0.0,0.0,0.25,0.54,0.53,0.78,0.31,0.42,0.34,0.74,0.26,0.5,0.54,0.69,0.33,0.38,0.23,0.49
Neemias Queta,SAC,C,ACTIVE,False,6,0,41,6,48,8,4,0,31,7,34,8,4,0,31,7,34,8,1,0,5,5,9,9,0.14,0.25,0.5,0.2,0.0,0.0,0.0,0.0,0.04,0.09,0.17,0.05,0.17,0.19,0.17,0.19,0.07,0.11,0.19,0.09,0.3,0.25,0.14,0.26
Udoka Azubuike,UTA,C,ACTIVE,False,7,1,51,7,39,5,3,1,43,14,29,9,2,0,27,13,20,10,1,0,11,11,9,9,0.16,0.19,0.25,0.2,0.03,0.09,0.0,0.0,0.05,0.13,0.15,0.1,0.19,0.39,0.32,0.41,0.06,0.1,0.11,0.09,0.19,0.28,0.18,0.26
Charles Bassey,PHL,C,ACTIVE,False,21,0,151,7,226,10,8,0,36,4,60,7,5,0,16,3,23,4,2,0,8,4,11,5,0.49,0.5,0.62,0.4,0.0,0.0,0.0,0.0,0.16,0.11,0.09,0.08,0.19,0.11,0.07,0.15,0.32,0.2,0.13,0.11,0.37,0.22,0.07,0.14
Tre Jones,SAS,PG,ACTIVE,False,36,2,453,12,470,13,8,2,142,17,148,18,1,0,11,11,11,11,1,0,11,11,11,11,0.84,0.5,0.12,0.2,0.06,0.18,0.0,0.0,0.49,0.42,0.06,0.1,0.33,0.47,0.27,0.41,0.66,0.49,0.06,0.11,0.48,0.56,0.2,0.31
JJ Redick,DAL,SG,ACTIVE,False,0,0,0,0,0,0,0,0,0,0,0,0,0,0,0,0,0,0,0,0,0,0,0,0,0.0,0.0,0.0,0.0,0.0,0.0,0.0,0.0,0.0,0.0,0.0,0.0,0.0,0.0,0.0,0.0,0.0,0.0,0.0,0.0,0.0,0.0,0.0,0.0
Robert Woodard II,SAC,SF,ACTIVE,False,8,0,15,1,8,1,5,0,8,1,5,1,2,0,2,1,2,1,0,0,0,0,0,0,0.19,0.31,0.25,0.0,0.0,0.0,0.0,0.0,0.02,0.02,0.01,0.0,0.03,0.03,0.02,0.0,0.01,0.02,0.01,0.0,0.04,0.03,0.02,0.0
Aron Baynes,TOR,C,ACTIVE,False,0,0,0,0,0,0,0,0,0,0,0,0,0,0,0,0,0,0,0,0,0,0,0,0,0.0,0.0,0.0,0.0,0.0,0.0,0.0,0.0,0.0,0.0,0.0,0.0,0.0,0.0,0.0,0.0,0.0,0.0,0.0,0.0,0.0,0.0,0.0,0.0
Cassius Winston,WAS,PG,ACTIVE,False,2,0,7,3,4,2,0,0,0,0,0,0,0,0,0,0,0,0,0,0,0,0,0,0,0.05,0.0,0.0,0.0,0.0,0.0,0.0,0.0,0.01,0.0,0.0,0.0,0.08,0.0,0.0,0.0,0.01,0.0,0.0,0.0,0.07,0.0,0.0,0.0
Tyler Cook,CHI,PF,ACTIVE,False,9,0,94,10,96,10,5,0,58,11,67,13,0,0,0,0,0,0,0,0,0,0,0,0,0.21,0.31,0.0,0.0,0.0,0.0,0.0,0.0,0.1,0.17,0.0,0.0,0.28,0.31,0.0,0.0,0.14,0.22,0.0,0.0,0.37,0.41,0.0,0.0
Elijah Hughes,UTA,SG,ACTIVE,False,10,1,61,6,60,6,4,1,45,11,58,14,1,1,41,41,56,56,0,0,0,0,0,0,0.23,0.25,0.12,0.0,0.03,0.09,0.17,0.0,0.07,0.13,0.22,0.0,0.17,0.31,1.0,0.0,0.08,0.19,0.32,0.0,0.22,0.44,1.0,0.0
KZ Okpala,MIA,SF,OUT,True,21,0,246,11,210,10,2,0,28,14,21,10,0,0,0,0,0,0,0,0,0,0,0,0,0.49,0.12,0.0,0.0,0.0,0.0,0.0,0.0,0.27,0.08,0.0,0.0,0.31,0.39,0.0,0.0,0.3,0.07,0.0,0.0,0.37,0.31,0.0,0.0
Joe Wieskamp,SAS,SF,ACTIVE,False,13,0,78,6,66,5,10,0,70,7,63,6,5,0,39,7,24,4,2,0,12,6,5,2,0.3,0.62,0.62,0.4,0.0,0.0,0.0,0.0,0.08,0.2,0.21,0.11,0.17,0.19,0.17,0.22,0.09,0.21,0.14,0.05,0.19,0.19,0.07,0.06
Nick Richards,CHA,C,ACTIVE,False,32,5,289,9,335,10,6,0,53,8,70,11,1,0,2,2,0,0,1,0,2,2,0,0,0.74,0.38,0.12,0.2,0.16,0.0,0.0,0.0,0.31,0.15,0.01,0.02,0.25,0.22,0.05,0.07,0.47,0.23,0.0,0.0,0.37,0.34,0.0,0.0
Leandro Bolmaro,MIN,SG,ACTIVE,False,24,2,188,7,114,4,4,0,14,3,8,2,1,0,2,2,0,0,1,0,2,2,0,0,0.56,0.25,0.12,0.2,0.06,0.0,0.0,0.0,0.2,0.04,0.01,0.02,0.19,0.08,0.05,0.07,0.16,0.03,0.0,0.0,0.15,0.06,0.0,0.0
Al-Farouq Aminu,BOS,PF,ACTIVE,False,0,0,0,0,0,0,0,0,0,0,0,0,0,0,0,0,0,0,0,0,0,0,0,0,0.0,0.0,0.0,0.0,0.0,0.0,0.0,0.0,0.0,0.0,0.0,0.0,0.0,0.0,0.0,0.0,0.0,0.0,0.0,0.0,0.0,0.0,0.0,0.0
Vernon Carey Jr.,CHA,C,ACTIVE,False,2,1,12,6,16,8,0,0,0,0,0,0,0,0,0,0,0,0,0,0,0,0,0,0,0.05,0.0,0.0,0.0,0.03,0.0,0.0,0.0,0.01,0.0,0.0,0.0,0.17,0.0,0.0,0.0,0.02,0.0,0.0,0.0,0.3,0.0,0.0,0.0
Abdel Nader,PHO,SF,OUT,True,14,0,146,10,106,7,0,0,0,0,0,0,0,0,0,0,0,0,0,0,0,0,0,0,0.33,0.0,0.0,0.0,0.0,0.0,0.0,0.0,0.16,0.0,0.0,0.0,0.28,0.0,0.0,0.0,0.15,0.0,0.0,0.0,0.26,0.0,0.0,0.0
Jericho Sims,NYK,PF,ACTIVE,False,14,0,90,6,74,5,5,0,32,6,25,5,4,0,10,2,3,0,1,0,4,4,0,0,0.33,0.31,0.5,0.2,0.0,0.0,0.0,0.0,0.1,0.09,0.05,0.04,0.17,0.17,0.05,0.15,0.1,0.08,0.02,0.0,0.19,0.16,0.0,0.0
Marquese Chriss,DAL,PF,ACTIVE,False,13,0,147,11,205,15,12,0,131,10,179,14,5,0,46,9,66,13,2,0,22,11,37,18,0.3,0.75,0.62,0.4,0.0,0.0,0.0,0.0,0.16,0.38,0.25,0.21,0.31,0.28,0.22,0.41,0.29,0.59,0.37,0.38,0.56,0.44,0.23,0.51
Isaiah Livers,DET,PF,OUT,True,1,0,5,5,1,1,0,0,0,0,0,0,0,0,0,0,0,0,0,0,0,0,0,0,0.02,0.0,0.0,0.0,0.0,0.0,0.0,0.0,0.01,0.0,0.0,0.0,0.14,0.0,0.0,0.0,0.0,0.0,0.0,0.0,0.04,0.0,0.0,0.0
Semi Ojeleye,MIL,PF,ACTIVE,False,17,0,293,17,190,11,5,0,57,11,32,6,3,0,30,10,9,3,0,0,0,0,0,0,0.4,0.31,0.38,0.0,0.0,0.0,0.0,0.0,0.32,0.17,0.16,0.0,0.47,0.31,0.24,0.0,0.27,0.11,0.05,0.0,0.41,0.19,0.05,0.0
Santi Aldama,MEM,PF,ACTIVE,False,25,0,262,10,270,10,9,0,106,11,82,9,6,0,63,10,44,7,3,0,22,7,17,5,0.58,0.56,0.75,0.6,0.0,0.0,0.0,0.0,0.28,0.31,0.34,0.21,0.28,0.31,0.24,0.26,0.38,0.27,0.25,0.17,0.37,0.28,0.12,0.14
Tony Snell,POR,SG,ACTIVE,False,32,7,423,13,223,6,9,3,140,15,80,8,6,0,93,15,47,7,3,0,58,19,28,9,0.74,0.56,0.75,0.6,0.22,0.27,0.0,0.0,0.46,0.41,0.5,0.55,0.36,0.42,0.37,0.7,0.32,0.26,0.27,0.29,0.22,0.25,0.12,0.26
Edmond Sumner,BKN,SG,OUT,True,0,0,0,0,0,0,0,0,0,0,0,0,0,0,0,0,0,0,0,0,0,0,0,0,0.0,0.0,0.0,0.0,0.0,0.0,0.0,0.0,0.0,0.0,0.0,0.0,0.0,0.0,0.0,0.0,0.0,0.0,0.0,0.0,0.0,0.0,0.0,0.0
Bruno Fernando,BOS,C,ACTIVE,False,14,0,40,2,27,1,5,0,14,2,16,3,3,0,8,2,9,3,1,0,3,3,4,4,0.33,0.31,0.38,0.2,0.0,0.0,0.0,0.0,0.04,0.04,0.04,0.03,0.06,0.06,0.05,0.11,0.04,0.05,0.05,0.04,0.04,0.09,0.05,0.11
Naji Marshall,NOP,SF,ACTIVE,False,23,0,220,9,231,10,4,0,12,3,16,4,3,0,9,3,14,4,1,0,2,2,3,3,0.53,0.25,0.38,0.2,0.0,0.0,0.0,0.0,0.24,0.04,0.05,0.02,0.25,0.08,0.07,0.07,0.33,0.05,0.08,0.03,0.37,0.12,0.07,0.09
Alfonzo McKinnie,CHI,SF,ACTIVE,False,12,3,183,15,131,10,9,3,108,12,81,9,8,3,101,12,76,9,4,3,66,16,41,10,0.28,0.56,1.0,0.8,0.09,0.27,0.5,1.0,0.2,0.32,0.54,0.63,0.42,0.33,0.29,0.59,0.19,0.27,0.43,0.42,0.37,0.28,0.16,0.29
Joe Johnson,BOS,SG,ACTIVE,False,1,0,2,2,3,3,1,0,2,2,3,3,0,0,0,0,0,0,0,0,0,0,0,0,0.02,0.06,0.0,0.0,0.0,0.0,0.0,0.0,0.0,0.01,0.0,0.0,0.06,0.06,0.0,0.0,0.0,0.01,0.0,0.0,0.11,0.09,0.0,0.0
Nathan Knight,MIN,C,ACTIVE,False,21,2,183,8,233,11,9,2,123,13,154,17,3,0,10,3,12,4,1,0,3,3,7,7,0.49,0.56,0.38,0.2,0.06,0.18,0.0,0.0,0.2,0.36,0.05,0.03,0.22,0.36,0.07,0.11,0.33,0.51,0.07,0.07,0.41,0.53,0.07,0.2
Ryan Arcidiacono,NYK,PG,OUT,True,0,0,0,0,0,0,0,0,0,0,0,0,0,0,0,0,0,0,0,0,0,0,0,0,0.0,0.0,0.0,0.0,0.0,0.0,0.0,0.0,0.0,0.0,0.0,0.0,0.0,0.0,0.0,0.0,0.0,0.0,0.0,0.0,0.0,0.0,0.0,0.0
Killian Tillie,MEM,C,OUT,True,26,3,353,13,267,10,8,3,164,20,124,15,2,1,41,20,31,15,0,0,0,0,0,0,0.6,0.5,0.25,0.0,0.09,0.27,0.17,0.0,0.38,0.48,0.22,0.0,0.36,0.56,0.49,0.0,0.38,0.41,0.18,0.0,0.37,0.47,0.27,0.0
Ed Davis,CLE,PF,ACTIVE,False,13,2,114,8,107,8,2,0,7,3,-1,0,1,0,2,2,0,0,1,0,2,2,0,0,0.3,0.12,0.12,0.2,0.06,0.0,0.0,0.0,0.12,0.02,0.01,0.02,0.22,0.08,0.05,0.07,0.15,-0.0,0.0,0.0,0.3,0.0,0.0,0.0
Theo Pinson,DAL,SG,ACTIVE,False,10,0,94,9,84,8,9,0,72,8,57,6,2,0,4,2,0,0,0,0,0,0,0,0,0.23,0.56,0.25,0.0,0.0,0.0,0.0,0.0,0.1,0.21,0.02,0.0,0.25,0.22,0.05,0.0,0.12,0.19,0.0,0.0,0.3,0.19,0.0,0.0
Cassius Stanley,DET,SG,ACTIVE,False,7,1,141,20,103,14,7,1,141,20,103,14,4,0,59,14,39,9,2,0,36,18,22,11,0.16,0.44,0.5,0.4,0.03,0.09,0.0,0.0,0.15,0.41,0.32,0.34,0.56,0.56,0.34,0.67,0.15,0.34,0.22,0.22,0.52,0.44,0.16,0.31
Devon Dotson,CHI,PG,ACTIVE,False,11,0,85,7,71,6,5,0,23,4,23,4,4,0,20,5,21,5,1,0,8,8,5,5,0.26,0.31,0.5,0.2,0.0,0.0,0.0,0.0,0.09,0.07,0.11,0.08,0.19,0.11,0.12,0.3,0.1,0.08,0.12,0.05,0.22,0.12,0.09,0.14
Chris Chiozza,GSW,PG,ACTIVE,False,23,1,245,10,156,6,9,0,71,7,32,3,5,0,38,7,23,4,3,0,21,7,6,2,0.53,0.56,0.62,0.6,0.03,0.0,0.0,0.0,0.26,0.21,0.2,0.2,0.28,0.19,0.17,0.26,0.22,0.11,0.13,0.06,0.22,0.09,0.07,0.06
Jake Layman,MIN,SF,ACTIVE,False,19,1,159,8,116,6,7,1,97,13,79,11,3,0,11,3,4,1,1,0,3,3,1,1,0.44,0.44,0.38,0.2,0.03,0.09,0.0,0.0,0.17,0.28,0.06,0.03,0.22,0.36,0.07,0.11,0.16,0.26,0.02,0.01,0.22,0.34,0.02,0.03
Jeff Teague,MIL,PG,ACTIVE,False,0,0,0,0,0,0,0,0,0,0,0,0,0,0,0,0,0,0,0,0,0,0,0,0,0.0,0.0,0.0,0.0,0.0,0.0,0.0,0.0,0.0,0.0,0.0,0.0,0.0,0.0,0.0,0.0,0.0,0.0,0.0,0.0,0.0,0.0,0.0,0.0
Vlatko Cancar,DEN,SF,OUT,True,14,1,152,10,142,10,5,1,77,15,80,16,0,0,0,0,0,0,0,0,0,0,0,0,0.33,0.31,0.0,0.0,0.03,0.09,0.0,0.0,0.16,0.23,0.0,0.0,0.28,0.42,0.0,0.0,0.2,0.26,0.0,0.0,0.37,0.5,0.0,0.0
CJ Elleby,POR,SG,ACTIVE,False,24,0,250,10,231,9,10,0,175,17,166,16,6,0,110,18,99,16,2,0,36,18,16,8,0.56,0.62,0.75,0.4,0.0,0.0,0.0,0.0,0.27,0.51,0.59,0.34,0.28,0.47,0.44,0.67,0.33,0.55,0.56,0.16,0.33,0.5,0.29,0.23
Jason Preston,LAC,PG,OUT,True,0,0,0,0,0,0,0,0,0,0,0,0,0,0,0,0,0,0,0,0,0,0,0,0,0.0,0.0,0.0,0.0,0.0,0.0,0.0,0.0,0.0,0.0,0.0,0.0,0.0,0.0,0.0,0.0,0.0,0.0,0.0,0.0,0.0,0.0,0.0,0.0
Solomon Hill,NYK,SF,OUT,True,13,1,139,10,76,5,0,0,0,0,0,0,0,0,0,0,0,0,0,0,0,0,0,0,0.3,0.0,0.0,0.0,0.03,0.0,0.0,0.0,0.15,0.0,0.0,0.0,0.28,0.0,0.0,0.0,0.11,0.0,0.0,0.0,0.19,0.0,0.0,0.0
Trent Forrest,UTA,SG,ACTIVE,False,34,2,302,8,198,5,11,2,137,12,91,8,5,1,63,12,44,8,3,0,22,7,20,6,0.79,0.69,0.62,0.6,0.06,0.18,0.17,0.0,0.33,0.4,0.34,0.21,0.22,0.33,0.29,0.26,0.28,0.3,0.25,0.2,0.19,0.25,0.14,0.17
Markus Howard,DEN,PG,ACTIVE,False,17,0,119,7,108,6,1,0,3,3,4,4,1,0,3,3,4,4,0,0,0,0,0,0,0.4,0.06,0.12,0.0,0.0,0.0,0.0,0.0,0.13,0.01,0.02,0.0,0.19,0.08,0.07,0.0,0.15,0.01,0.02,0.0,0.22,0.12,0.07,0.0
Kelan Martin,IND,SG,ACTIVE,False,27,1,442,16,380,14,3,0,29,9,23,7,0,0,0,0,0,0,0,0,0,0,0,0,0.63,0.19,0.0,0.0,0.03,0.0,0.0,0.0,0.48,0.08,0.0,0.0,0.44,0.25,0.0,0.0,0.54,0.08,0.0,0.0,0.52,0.22,0.0,0.0
Cameron Oliver,ATL,PF,ACTIVE,False,2,0,43,21,50,25,2,0,43,21,50,25,0,0,0,0,0,0,0,0,0,0,0,0,0.05,0.12,0.0,0.0,0.0,0.0,0.0,0.0,0.05,0.13,0.0,0.0,0.58,0.58,0.0,0.0,0.07,0.17,0.0,0.0,0.93,0.78,0.0,0.0
Brandon Knight,DAL,PG,ACTIVE,False,3,0,55,18,59,19,3,0,55,18,59,19,0,0,0,0,0,0,0,0,0,0,0,0,0.07,0.19,0.0,0.0,0.0,0.0,0.0,0.0,0.06,0.16,0.0,0.0,0.5,0.5,0.0,0.0,0.08,0.19,0.0,0.0,0.7,0.59,0.0,0.0
Nico Mannion,GSW,PG,ACTIVE,False,0,0,0,0,0,0,0,0,0,0,0,0,0,0,0,0,0,0,0,0,0,0,0,0,0.0,0.0,0.0,0.0,0.0,0.0,0.0,0.0,0.0,0.0,0.0,0.0,0.0,0.0,0.0,0.0,0.0,0.0,0.0,0.0,0.0,0.0,0.0,0.0
McKinley Wright IV,MIN,PG,ACTIVE,False,2,0,7,3,5,2,1,0,3,3,2,2,1,0,3,3,2,2,1,0,3,3,2,2,0.05,0.06,0.12,0.2,0.0,0.0,0.0,0.0,0.01,0.01,0.02,0.03,0.08,0.08,0.07,0.11,0.01,0.01,0.01,0.02,0.07,0.06,0.04,0.06
Admiral Schofield,ORL,SF,ACTIVE,False,14,1,189,13,158,11,12,1,167,13,145,12,5,0,36,7,37,7,3,0,13,4,10,3,0.33,0.75,0.62,0.6,0.03,0.09,0.0,0.0,0.2,0.49,0.19,0.12,0.36,0.36,0.17,0.15,0.22,0.48,0.21,0.1,0.41,0.38,0.12,0.09
Tremont Waters,WAS,PG,ACTIVE,False,3,0,50,16,32,10,3,0,50,16,32,10,0,0,0,0,0,0,0,0,0,0,0,0,0.07,0.19,0.0,0.0,0.0,0.0,0.0,0.0,0.05,0.15,0.0,0.0,0.44,0.44,0.0,0.0,0.05,0.11,0.0,0.0,0.37,0.31,0.0,0.0
Quinndary Weatherspoon,GSW,SG,ACTIVE,False,2,0,16,8,13,6,2,0,16,8,13,6,0,0,0,0,0,0,0,0,0,0,0,0,0.05,0.12,0.0,0.0,0.0,0.0,0.0,0.0,0.02,0.05,0.0,0.0,0.22,0.22,0.0,0.0,0.02,0.04,0.0,0.0,0.22,0.19,0.0,0.0
Miye Oni,OKC,SG,ACTIVE,False,16,0,44,2,24,1,2,0,3,1,3,1,0,0,0,0,0,0,0,0,0,0,0,0,0.37,0.12,0.0,0.0,0.0,0.0,0.0,0.0,0.05,0.01,0.0,0.0,0.06,0.03,0.0,0.0,0.03,0.01,0.0,0.0,0.04,0.03,0.0,0.0
Luka Samanic,NYK,PF,DAY_TO_DAY,False,0,0,0,0,0,0,0,0,0,0,0,0,0,0,0,0,0,0,0,0,0,0,0,0,0.0,0.0,0.0,0.0,0.0,0.0,0.0,0.0,0.0,0.0,0.0,0.0,0.0,0.0,0.0,0.0,0.0,0.0,0.0,0.0,0.0,0.0,0.0,0.0
Justin Robinson,DET,PG,ACTIVE,False,25,0,303,12,180,7,5,0,90,18,59,11,1,0,8,8,8,8,0,0,0,0,0,0,0.58,0.31,0.12,0.0,0.0,0.0,0.0,0.0,0.33,0.26,0.04,0.0,0.33,0.5,0.2,0.0,0.25,0.19,0.05,0.0,0.26,0.34,0.14,0.0
Quinn Cook,POR,PG,ACTIVE,False,0,0,0,0,0,0,0,0,0,0,0,0,0,0,0,0,0,0,0,0,0,0,0,0,0.0,0.0,0.0,0.0,0.0,0.0,0.0,0.0,0.0,0.0,0.0,0.0,0.0,0.0,0.0,0.0,0.0,0.0,0.0,0.0,0.0,0.0,0.0,0.0
Cristiano Felicio,CHI,C,ACTIVE,False,0,0,0,0,0,0,0,0,0,0,0,0,0,0,0,0,0,0,0,0,0,0,0,0,0.0,0.0,0.0,0.0,0.0,0.0,0.0,0.0,0.0,0.0,0.0,0.0,0.0,0.0,0.0,0.0,0.0,0.0,0.0,0.0,0.0,0.0,0.0,0.0
Justin Champagnie,TOR,SF,ACTIVE,False,25,0,229,9,231,9,10,0,121,12,137,13,6,0,82,13,76,12,4,0,68,17,47,11,0.58,0.62,0.75,0.8,0.0,0.0,0.0,0.0,0.25,0.35,0.44,0.65,0.25,0.33,0.32,0.63,0.33,0.45,0.43,0.48,0.33,0.41,0.21,0.31
Chandler Hutchison,PHO,SF,ACTIVE,False,6,0,22,3,13,2,1,0,8,8,0,0,0,0,0,0,0,0,0,0,0,0,0,0,0.14,0.06,0.0,0.0,0.0,0.0,0.0,0.0,0.02,0.02,0.0,0.0,0.08,0.22,0.0,0.0,0.02,0.0,0.0,0.0,0.07,0.0,0.0,0.0
Ignas Brazdeikis,ORL,PF,ACTIVE,False,19,0,155,8,119,6,6,0,46,7,45,7,3,0,13,4,21,7,3,0,13,4,21,7,0.44,0.38,0.38,0.6,0.0,0.0,0.0,0.0,0.17,0.13,0.07,0.12,0.22,0.19,0.1,0.15,0.17,0.15,0.12,0.21,0.22,0.22,0.12,0.2
Skylar Mays,ATL,SG,ACTIVE,False,17,5,184,10,180,10,10,5,165,16,159,15,3,0,7,2,4,1,0,0,0,0,0,0,0.4,0.62,0.38,0.0,0.16,0.45,0.0,0.0,0.2,0.48,0.04,0.0,0.28,0.44,0.05,0.0,0.25,0.52,0.02,0.0,0.37,0.47,0.02,0.0
Dante Exum,HOU,PG,ACTIVE,False,0,0,0,0,0,0,0,0,0,0,0,0,0,0,0,0,0,0,0,0,0,0,0,0,0.0,0.0,0.0,0.0,0.0,0.0,0.0,0.0,0.0,0.0,0.0,0.0,0.0,0.0,0.0,0.0,0.0,0.0,0.0,0.0,0.0,0.0,0.0,0.0
Georgios Kalaitzakis,MIL,PG,ACTIVE,False,9,0,48,5,33,3,0,0,0,0,0,0,0,0,0,0,0,0,0,0,0,0,0,0,0.21,0.0,0.0,0.0,0.0,0.0,0.0,0.0,0.05,0.0,0.0,0.0,0.14,0.0,0.0,0.0,0.05,0.0,0.0,0.0,0.11,0.0,0.0,0.0
Devontae Cacok,SAS,C,ACTIVE,False,7,0,58,8,95,13,6,0,56,9,86,14,4,0,46,11,72,18,0,0,0,0,0,0,0.16,0.38,0.5,0.0,0.0,0.0,0.0,0.0,0.06,0.16,0.25,0.0,0.22,0.25,0.27,0.0,0.13,0.28,0.41,0.0,0.48,0.44,0.32,0.0
Gary Clark,NOP,PF,ACTIVE,False,13,1,137,10,127,9,12,1,134,11,127,10,6,0,57,9,59,9,2,0,13,6,9,4,0.3,0.75,0.75,0.4,0.03,0.09,0.0,0.0,0.15,0.39,0.31,0.12,0.28,0.31,0.22,0.22,0.18,0.42,0.33,0.09,0.33,0.31,0.16,0.11
Mike James,BKN,PG,ACTIVE,False,0,0,0,0,0,0,0,0,0,0,0,0,0,0,0,0,0,0,0,0,0,0,0,0,0.0,0.0,0.0,0.0,0.0,0.0,0.0,0.0,0.0,0.0,0.0,0.0,0.0,0.0,0.0,0.0,0.0,0.0,0.0,0.0,0.0,0.0,0.0,0.0
Ersan Ilyasova,CHI,PF,ACTIVE,False,0,0,0,0,0,0,0,0,0,0,0,0,0,0,0,0,0,0,0,0,0,0,0,0,0.0,0.0,0.0,0.0,0.0,0.0,0.0,0.0,0.0,0.0,0.0,0.0,0.0,0.0,0.0,0.0,0.0,0.0,0.0,0.0,0.0,0.0,0.0,0.0
Langston Galloway,MIL,SG,ACTIVE,False,7,0,108,15,67,9,5,0,76,15,44,8,3,0,49,16,33,11,0,0,0,0,0,0,0.16,0.31,0.38,0.0,0.0,0.0,0.0,0.0,0.12,0.22,0.26,0.0,0.42,0.42,0.39,0.0,0.09,0.15,0.19,0.0,0.33,0.25,0.2,0.0
James Ennis III,DEN,SF,ACTIVE,False,7,0,55,7,70,10,6,0,43,7,55,9,3,0,14,4,13,4,2,0,10,5,15,7,0.16,0.38,0.38,0.4,0.0,0.0,0.0,0.0,0.06,0.13,0.08,0.1,0.19,0.19,0.1,0.19,0.1,0.18,0.07,0.15,0.37,0.28,0.07,0.2
Jahlil Okafor,ATL,C,ACTIVE,False,0,0,0,0,0,0,0,0,0,0,0,0,0,0,0,0,0,0,0,0,0,0,0,0,0.0,0.0,0.0,0.0,0.0,0.0,0.0,0.0,0.0,0.0,0.0,0.0,0.0,0.0,0.0,0.0,0.0,0.0,0.0,0.0,0.0,0.0,0.0,0.0
Chasson Randle,PHO,PG,ACTIVE,False,0,0,0,0,0,0,0,0,0,0,0,0,0,0,0,0,0,0,0,0,0,0,0,0,0.0,0.0,0.0,0.0,0.0,0.0,0.0,0.0,0.0,0.0,0.0,0.0,0.0,0.0,0.0,0.0,0.0,0.0,0.0,0.0,0.0,0.0,0.0,0.0
Kris Dunn,MEM,PG,ACTIVE,False,0,0,0,0,0,0,0,0,0,0,0,0,0,0,0,0,0,0,0,0,0,0,0,0,0.0,0.0,0.0,0.0,0.0,0.0,0.0,0.0,0.0,0.0,0.0,0.0,0.0,0.0,0.0,0.0,0.0,0.0,0.0,0.0,0.0,0.0,0.0,0.0
Freddie Gillespie,ORL,PF,ACTIVE,False,9,2,120,13,116,12,9,2,120,13,116,12,2,1,28,14,24,12,0,0,0,0,0,0,0.21,0.56,0.25,0.0,0.06,0.18,0.17,0.0,0.13,0.35,0.15,0.0,0.36,0.36,0.34,0.0,0.16,0.38,0.14,0.0,0.44,0.38,0.21,0.0
David Johnson,TOR,PG,DAY_TO_DAY,False,1,0,2,2,0,0,0,0,0,0,0,0,0,0,0,0,0,0,0,0,0,0,0,0,0.02,0.0,0.0,0.0,0.0,0.0,0.0,0.0,0.0,0.0,0.0,0.0,0.06,0.0,0.0,0.0,0.0,0.0,0.0,0.0,0.0,0.0,0.0,0.0
Scottie Lewis,CHA,SG,ACTIVE,False,2,0,6,3,3,1,0,0,0,0,0,0,0,0,0,0,0,0,0,0,0,0,0,0,0.05,0.0,0.0,0.0,0.0,0.0,0.0,0.0,0.01,0.0,0.0,0.0,0.08,0.0,0.0,0.0,0.0,0.0,0.0,0.0,0.04,0.0,0.0,0.0
Sam Merrill,MEM,SG,OUT,True,6,0,57,9,50,8,0,0,0,0,0,0,0,0,0,0,0,0,0,0,0,0,0,0,0.14,0.0,0.0,0.0,0.0,0.0,0.0,0.0,0.06,0.0,0.0,0.0,0.25,0.0,0.0,0.0,0.07,0.0,0.0,0.0,0.3,0.0,0.0,0.0
Kevin Pangos,CLE,PG,ACTIVE,False,20,3,161,8,113,5,8,3,112,14,85,10,2,0,4,2,3,1,1,0,2,2,1,1,0.47,0.5,0.25,0.2,0.09,0.27,0.0,0.0,0.17,0.33,0.02,0.02,0.22,0.39,0.05,0.07,0.16,0.28,0.02,0.01,0.19,0.31,0.02,0.03
Shaquille Harrison,MEM,SG,ACTIVE,False,2,0,22,11,18,9,1,0,1,1,0,0,0,0,0,0,0,0,0,0,0,0,0,0,0.05,0.06,0.0,0.0,0.0,0.0,0.0,0.0,0.02,0.0,0.0,0.0,0.31,0.03,0.0,0.0,0.03,0.0,0.0,0.0,0.33,0.0,0.0,0.0
Tyler Bey,HOU,PF,ACTIVE,False,0,0,0,0,0,0,0,0,0,0,0,0,0,0,0,0,0,0,0,0,0,0,0,0,0.0,0.0,0.0,0.0,0.0,0.0,0.0,0.0,0.0,0.0,0.0,0.0,0.0,0.0,0.0,0.0,0.0,0.0,0.0,0.0,0.0,0.0,0.0,0.0
Harry Giles III,LAC,PF,ACTIVE,False,0,0,0,0,0,0,0,0,0,0,0,0,0,0,0,0,0,0,0,0,0,0,0,0,0.0,0.0,0.0,0.0,0.0,0.0,0.0,0.0,0.0,0.0,0.0,0.0,0.0,0.0,0.0,0.0,0.0,0.0,0.0,0.0,0.0,0.0,0.0,0.0
Gabriel Deck,OKC,SF,ACTIVE,False,7,0,55,7,44,6,1,0,11,11,12,12,0,0,0,0,0,0,0,0,0,0,0,0,0.16,0.06,0.0,0.0,0.0,0.0,0.0,0.0,0.06,0.03,0.0,0.0,0.19,0.31,0.0,0.0,0.06,0.04,0.0,0.0,0.22,0.38,0.0,0.0
Anthony Lamb,SAS,SF,ACTIVE,False,2,0,8,4,5,2,2,0,8,4,5,2,2,0,8,4,5,2,0,0,0,0,0,0,0.05,0.12,0.25,0.0,0.0,0.0,0.0,0.0,0.01,0.02,0.04,0.0,0.11,0.11,0.1,0.0,0.01,0.02,0.03,0.0,0.07,0.06,0.04,0.0
Ty-Shon Alexander,PHO,SG,ACTIVE,False,0,0,0,0,0,0,0,0,0,0,0,0,0,0,0,0,0,0,0,0,0,0,0,0,0.0,0.0,0.0,0.0,0.0,0.0,0.0,0.0,0.0,0.0,0.0,0.0,0.0,0.0,0.0,0.0,0.0,0.0,0.0,0.0,0.0,0.0,0.0,0.0
Frank Mason III,LAL,PG,ACTIVE,False,0,0,0,0,0,0,0,0,0,0,0,0,0,0,0,0,0,0,0,0,0,0,0,0,0.0,0.0,0.0,0.0,0.0,0.0,0.0,0.0,0.0,0.0,0.0,0.0,0.0,0.0,0.0,0.0,0.0,0.0,0.0,0.0,0.0,0.0,0.0,0.0
Jahmi'us Ramsey,SAC,SG,ACTIVE,False,15,0,83,5,62,4,5,0,8,1,12,2,2,0,2,1,5,2,0,0,0,0,0,0,0.35,0.31,0.25,0.0,0.0,0.0,0.0,0.0,0.09,0.02,0.01,0.0,0.14,0.03,0.02,0.0,0.09,0.04,0.03,0.0,0.15,0.06,0.04,0.0
Keljin Blevins,POR,SF,ACTIVE,False,6,0,35,5,21,3,3,0,21,7,12,4,3,0,21,7,12,4,2,0,6,3,0,0,0.14,0.19,0.38,0.4,0.0,0.0,0.0,0.0,0.04,0.06,0.11,0.06,0.14,0.19,0.17,0.11,0.03,0.04,0.07,0.0,0.11,0.12,0.07,0.0
Cheick Diallo,DET,PF,ACTIVE,False,3,0,31,10,37,12,3,0,31,10,37,12,0,0,0,0,0,0,0,0,0,0,0,0,0.07,0.19,0.0,0.0,0.0,0.0,0.0,0.0,0.03,0.09,0.0,0.0,0.28,0.28,0.0,0.0,0.05,0.12,0.0,0.0,0.44,0.38,0.0,0.0
Marcus Garrett,MIA,SG,OUT,True,12,0,127,10,79,6,3,0,56,18,32,10,0,0,0,0,0,0,0,0,0,0,0,0,0.28,0.19,0.0,0.0,0.0,0.0,0.0,0.0,0.14,0.16,0.0,0.0,0.28,0.5,0.0,0.0,0.11,0.11,0.0,0.0,0.22,0.31,0.0,0.0
Mike Scott,PHL,PF,ACTIVE,False,0,0,0,0,0,0,0,0,0,0,0,0,0,0,0,0,0,0,0,0,0,0,0,0,0.0,0.0,0.0,0.0,0.0,0.0,0.0,0.0,0.0,0.0,0.0,0.0,0.0,0.0,0.0,0.0,0.0,0.0,0.0,0.0,0.0,0.0,0.0,0.0
Luke Kornet,MIL,C,ACTIVE,False,3,0,18,6,16,5,3,0,18,6,16,5,1,0,3,3,2,2,0,0,0,0,0,0,0.07,0.19,0.12,0.0,0.0,0.0,0.0,0.0,0.02,0.05,0.02,0.0,0.17,0.17,0.07,0.0,0.02,0.05,0.01,0.0,0.19,0.16,0.04,0.0
Tyrell Terry,MEM,PG,ACTIVE,False,0,0,0,0,0,0,0,0,0,0,0,0,0,0,0,0,0,0,0,0,0,0,0,0,0.0,0.0,0.0,0.0,0.0,0.0,0.0,0.0,0.0,0.0,0.0,0.0,0.0,0.0,0.0,0.0,0.0,0.0,0.0,0.0,0.0,0.0,0.0,0.0
Wenyen Gabriel,LAC,SF,ACTIVE,False,7,0,46,6,49,7,7,0,46,6,49,7,4,0,15,3,21,5,0,0,0,0,0,0,0.16,0.44,0.5,0.0,0.0,0.0,0.0,0.0,0.05,0.13,0.08,0.0,0.17,0.17,0.07,0.0,0.07,0.16,0.12,0.0,0.26,0.22,0.09,0.0
Juhann Begarin,BOS,SG,ACTIVE,False,0,0,0,0,0,0,0,0,0,0,0,0,0,0,0,0,0,0,0,0,0,0,0,0,0.0,0.0,0.0,0.0,0.0,0.0,0.0,0.0,0.0,0.0,0.0,0.0,0.0,0.0,0.0,0.0,0.0,0.0,0.0,0.0,0.0,0.0,0.0,0.0
Wes Iwundu,ATL,SF,ACTIVE,False,3,1,82,27,53,17,3,1,82,27,53,17,0,0,0,0,0,0,0,0,0,0,0,0,0.07,0.19,0.0,0.0,0.03,0.09,0.0,0.0,0.09,0.24,0.0,0.0,0.75,0.75,0.0,0.0,0.07,0.17,0.0,0.0,0.63,0.53,0.0,0.0
Tim Frazier,ORL,PG,ACTIVE,False,10,3,199,19,120,12,10,3,199,19,120,12,2,0,25,12,11,5,0,0,0,0,0,0,0.23,0.62,0.25,0.0,0.09,0.27,0.0,0.0,0.21,0.58,0.13,0.0,0.53,0.53,0.29,0.0,0.17,0.4,0.06,0.0,0.44,0.38,0.09,0.0
Mamadi Diakite,OKC,PF,ACTIVE,False,4,0,48,12,36,9,4,0,48,12,36,9,4,0,48,12,36,9,3,0,38,12,34,11,0.09,0.25,0.5,0.6,0.0,0.0,0.0,0.0,0.05,0.14,0.26,0.36,0.33,0.33,0.29,0.44,0.05,0.12,0.2,0.35,0.33,0.28,0.16,0.31
Tyler Johnson,SAS,PG,ACTIVE,False,6,0,91,15,61,10,6,0,91,15,61,10,3,0,53,17,31,10,0,0,0,0,0,0,0.14,0.38,0.38,0.0,0.0,0.0,0.0,0.0,0.1,0.27,0.28,0.0,0.42,0.42,0.41,0.0,0.09,0.2,0.18,0.0,0.37,0.31,0.18,0.0
Brodric Thomas,BOS,SG,ACTIVE,False,7,0,29,4,20,2,3,0,20,6,19,6,2,0,6,3,4,2,1,0,3,3,-1,-1,0.16,0.19,0.25,0.2,0.0,0.0,0.0,0.0,0.03,0.06,0.03,0.03,0.11,0.17,0.07,0.11,0.03,0.06,0.02,-0.01,0.07,0.19,0.04,-0.03
Justin Anderson,IND,SF,ACTIVE,False,6,0,78,13,57,9,6,0,78,13,57,9,0,0,0,0,0,0,0,0,0,0,0,0,0.14,0.38,0.0,0.0,0.0,0.0,0.0,0.0,0.08,0.23,0.0,0.0,0.36,0.36,0.0,0.0,0.08,0.19,0.0,0.0,0.33,0.28,0.0,0.0
Jontay Porter,MEM,PF,ACTIVE,False,0,0,0,0,0,0,0,0,0,0,0,0,0,0,0,0,0,0,0,0,0,0,0,0,0.0,0.0,0.0,0.0,0.0,0.0,0.0,0.0,0.0,0.0,0.0,0.0,0.0,0.0,0.0,0.0,0.0,0.0,0.0,0.0,0.0,0.0,0.0,0.0
Jay Scrubb,LAC,SG,ACTIVE,False,14,0,94,6,87,6,6,0,42,7,35,5,4,0,34,8,27,6,0,0,0,0,0,0,0.33,0.38,0.5,0.0,0.0,0.0,0.0,0.0,0.1,0.12,0.18,0.0,0.17,0.19,0.2,0.0,0.12,0.12,0.15,0.0,0.22,0.16,0.11,0.0
Anthony Tolliver,NOP,PF,ACTIVE,False,0,0,0,0,0,0,0,0,0,0,0,0,0,0,0,0,0,0,0,0,0,0,0,0,0.0,0.0,0.0,0.0,0.0,0.0,0.0,0.0,0.0,0.0,0.0,0.0,0.0,0.0,0.0,0.0,0.0,0.0,0.0,0.0,0.0,0.0,0.0,0.0
Vit Krejci,OKC,PG,OUT,True,2,0,9,4,7,3,0,0,0,0,0,0,0,0,0,0,0,0,0,0,0,0,0,0,0.05,0.0,0.0,0.0,0.0,0.0,0.0,0.0,0.01,0.0,0.0,0.0,0.11,0.0,0.0,0.0,0.01,0.0,0.0,0.0,0.11,0.0,0.0,0.0
Louis King,SAC,PF,ACTIVE,False,5,0,56,11,54,10,1,0,3,3,8,8,0,0,0,0,0,0,0,0,0,0,0,0,0.12,0.06,0.0,0.0,0.0,0.0,0.0,0.0,0.06,0.01,0.0,0.0,0.31,0.08,0.0,0.0,0.08,0.03,0.0,0.0,0.37,0.25,0.0,0.0
Daniel Oturu,TOR,C,ACTIVE,False,3,0,28,9,24,8,3,0,28,9,24,8,0,0,0,0,0,0,0,0,0,0,0,0,0.07,0.19,0.0,0.0,0.0,0.0,0.0,0.0,0.03,0.08,0.0,0.0,0.25,0.25,0.0,0.0,0.03,0.08,0.0,0.0,0.3,0.25,0.0,0.0
Reggie Perry,POR,C,ACTIVE,False,2,0,40,20,30,15,2,0,40,20,30,15,0,0,0,0,0,0,0,0,0,0,0,0,0.05,0.12,0.0,0.0,0.0,0.0,0.0,0.0,0.04,0.12,0.0,0.0,0.56,0.56,0.0,0.0,0.04,0.1,0.0,0.0,0.56,0.47,0.0,0.0
Aaron Henry,PHL,SF,ACTIVE,False,6,0,18,3,4,0,4,0,11,2,3,0,2,0,5,2,2,1,0,0,0,0,0,0,0.14,0.25,0.25,0.0,0.0,0.0,0.0,0.0,0.02,0.03,0.03,0.0,0.08,0.06,0.05,0.0,0.01,0.01,0.01,0.0,0.0,0.0,0.02,0.0
Paul Watson,OKC,SG,ACTIVE,False,9,3,156,17,109,12,4,3,77,19,71,17,1,0,4,4,13,13,0,0,0,0,0,0,0.21,0.25,0.12,0.0,0.09,0.27,0.0,0.0,0.17,0.23,0.02,0.0,0.47,0.53,0.1,0.0,0.15,0.23,0.07,0.0,0.44,0.53,0.23,0.0
Justin James,NOP,SG,ACTIVE,False,0,0,0,0,0,0,0,0,0,0,0,0,0,0,0,0,0,0,0,0,0,0,0,0,0.0,0.0,0.0,0.0,0.0,0.0,0.0,0.0,0.0,0.0,0.0,0.0,0.0,0.0,0.0,0.0,0.0,0.0,0.0,0.0,0.0,0.0,0.0,0.0
Johnny O'Bryant III,MIL,PF,ACTIVE,False,0,0,0,0,0,0,0,0,0,0,0,0,0,0,0,0,0,0,0,0,0,0,0,0,0.0,0.0,0.0,0.0,0.0,0.0,0.0,0.0,0.0,0.0,0.0,0.0,0.0,0.0,0.0,0.0,0.0,0.0,0.0,0.0,0.0,0.0,0.0,0.0
Jared Harper,NOP,PG,ACTIVE,False,2,0,11,5,16,8,2,0,11,5,16,8,0,0,0,0,0,0,0,0,0,0,0,0,0.05,0.12,0.0,0.0,0.0,0.0,0.0,0.0,0.01,0.03,0.0,0.0,0.14,0.14,0.0,0.0,0.02,0.05,0.0,0.0,0.3,0.25,0.0,0.0
Jalen Lecque,MIL,PG,ACTIVE,False,0,0,0,0,0,0,0,0,0,0,0,0,0,0,0,0,0,0,0,0,0,0,0,0,0.0,0.0,0.0,0.0,0.0,0.0,0.0,0.0,0.0,0.0,0.0,0.0,0.0,0.0,0.0,0.0,0.0,0.0,0.0,0.0,0.0,0.0,0.0,0.0
Anthony Gill,WAS,PF,ACTIVE,False,17,0,111,6,124,7,5,0,48,9,47,9,1,0,3,3,-1,-1,1,0,3,3,-1,-1,0.4,0.31,0.12,0.2,0.0,0.0,0.0,0.0,0.12,0.14,0.02,0.03,0.17,0.25,0.07,0.11,0.18,0.16,-0.01,-0.01,0.26,0.28,-0.02,-0.03
C.J. Miles,BOS,SF,ACTIVE,False,1,0,2,2,0,0,1,0,2,2,0,0,0,0,0,0,0,0,0,0,0,0,0,0,0.02,0.06,0.0,0.0,0.0,0.0,0.0,0.0,0.0,0.01,0.0,0.0,0.06,0.06,0.0,0.0,0.0,0.0,0.0,0.0,0.0,0.0,0.0,0.0
Damyean Dotson,NYK,SG,ACTIVE,False,2,0,20,10,11,5,1,0,16,16,9,9,0,0,0,0,0,0,0,0,0,0,0,0,0.05,0.06,0.0,0.0,0.0,0.0,0.0,0.0,0.02,0.05,0.0,0.0,0.28,0.44,0.0,0.0,0.02,0.03,0.0,0.0,0.19,0.28,0.0,0.0
Emmanuel Mudiay,SAC,PG,ACTIVE,False,2,0,11,5,8,4,2,0,11,5,8,4,0,0,0,0,0,0,0,0,0,0,0,0,0.05,0.12,0.0,0.0,0.0,0.0,0.0,0.0,0.01,0.03,0.0,0.0,0.14,0.14,0.0,0.0,0.01,0.03,0.0,0.0,0.15,0.12,0.0,0.0
Yogi Ferrell,LAC,SG,ACTIVE,False,0,0,0,0,0,0,0,0,0,0,0,0,0,0,0,0,0,0,0,0,0,0,0,0,0.0,0.0,0.0,0.0,0.0,0.0,0.0,0.0,0.0,0.0,0.0,0.0,0.0,0.0,0.0,0.0,0.0,0.0,0.0,0.0,0.0,0.0,0.0,0.0
Sam Hauser,BOS,SF,ACTIVE,False,7,0,33,4,24,3,4,0,26,6,15,3,1,0,2,2,0,0,0,0,0,0,0,0,0.16,0.25,0.12,0.0,0.0,0.0,0.0,0.0,0.04,0.08,0.01,0.0,0.11,0.17,0.05,0.0,0.03,0.05,0.0,0.0,0.11,0.09,0.0,0.0
Grant Riller,PHL,PG,OUT,True,0,0,0,0,0,0,0,0,0,0,0,0,0,0,0,0,0,0,0,0,0,0,0,0,0.0,0.0,0.0,0.0,0.0,0.0,0.0,0.0,0.0,0.0,0.0,0.0,0.0,0.0,0.0,0.0,0.0,0.0,0.0,0.0,0.0,0.0,0.0,0.0
Patrick Patterson,POR,PF,ACTIVE,False,0,0,0,0,0,0,0,0,0,0,0,0,0,0,0,0,0,0,0,0,0,0,0,0,0.0,0.0,0.0,0.0,0.0,0.0,0.0,0.0,0.0,0.0,0.0,0.0,0.0,0.0,0.0,0.0,0.0,0.0,0.0,0.0,0.0,0.0,0.0,0.0
Chris Silva,MIA,PF,ACTIVE,False,7,0,66,9,85,12,7,0,66,9,85,12,2,0,15,7,19,9,0,0,0,0,0,0,0.16,0.44,0.25,0.0,0.0,0.0,0.0,0.0,0.07,0.19,0.08,0.0,0.25,0.25,0.17,0.0,0.12,0.28,0.11,0.0,0.44,0.38,0.16,0.0
Rokas Jokubaitis,NYK,PG,ACTIVE,False,0,0,0,0,0,0,0,0,0,0,0,0,0,0,0,0,0,0,0,0,0,0,0,0,0.0,0.0,0.0,0.0,0.0,0.0,0.0,0.0,0.0,0.0,0.0,0.0,0.0,0.0,0.0,0.0,0.0,0.0,0.0,0.0,0.0,0.0,0.0,0.0
Marques Bolden,UTA,C,ACTIVE,False,0,0,0,0,0,0,0,0,0,0,0,0,0,0,0,0,0,0,0,0,0,0,0,0,0.0,0.0,0.0,0.0,0.0,0.0,0.0,0.0,0.0,0.0,0.0,0.0,0.0,0.0,0.0,0.0,0.0,0.0,0.0,0.0,0.0,0.0,0.0,0.0
Dakota Mathias,MEM,SG,ACTIVE,False,5,0,17,3,14,2,5,0,17,3,14,2,4,0,16,4,14,3,2,0,9,4,2,1,0.12,0.31,0.5,0.4,0.0,0.0,0.0,0.0,0.02,0.05,0.09,0.09,0.08,0.08,0.1,0.15,0.02,0.05,0.08,0.02,0.07,0.06,0.05,0.03
Petr Cornelie,DEN,PF,OUT,True,13,0,38,2,50,3,3,0,7,2,8,2,0,0,0,0,0,0,0,0,0,0,0,0,0.3,0.19,0.0,0.0,0.0,0.0,0.0,0.0,0.04,0.02,0.0,0.0,0.06,0.06,0.0,0.0,0.07,0.03,0.0,0.0,0.11,0.06,0.0,0.0
Ish Wainright,PHO,PF,ACTIVE,False,19,0,123,6,105,5,8,0,64,8,55,6,5,0,34,6,31,6,3,0,18,6,18,6,0.44,0.5,0.62,0.6,0.0,0.0,0.0,0.0,0.13,0.19,0.18,0.17,0.17,0.22,0.15,0.22,0.15,0.18,0.18,0.18,0.19,0.19,0.11,0.17
Xavier Moon,LAC,PG,ACTIVE,False,6,0,84,14,83,13,6,0,84,14,83,13,2,0,17,8,17,8,0,0,0,0,0,0,0.14,0.38,0.25,0.0,0.0,0.0,0.0,0.0,0.09,0.25,0.09,0.0,0.39,0.39,0.2,0.0,0.12,0.27,0.1,0.0,0.48,0.41,0.14,0.0
T.J. Leaf,POR,PF,ACTIVE,False,0,0,0,0,0,0,0,0,0,0,0,0,0,0,0,0,0,0,0,0,0,0,0,0,0.0,0.0,0.0,0.0,0.0,0.0,0.0,0.0,0.0,0.0,0.0,0.0,0.0,0.0,0.0,0.0,0.0,0.0,0.0,0.0,0.0,0.0,0.0,0.0
Juan Vaulet,IND,SF,ACTIVE,False,0,0,0,0,0,0,0,0,0,0,0,0,0,0,0,0,0,0,0,0,0,0,0,0,0.0,0.0,0.0,0.0,0.0,0.0,0.0,0.0,0.0,0.0,0.0,0.0,0.0,0.0,0.0,0.0,0.0,0.0,0.0,0.0,0.0,0.0,0.0,0.0
BJ Johnson,ORL,SF,ACTIVE,False,4,0,64,16,69,17,2,0,24,12,33,16,0,0,0,0,0,0,0,0,0,0,0,0,0.09,0.12,0.0,0.0,0.0,0.0,0.0,0.0,0.07,0.07,0.0,0.0,0.44,0.33,0.0,0.0,0.1,0.11,0.0,0.0,0.63,0.5,0.0,0.0
Mac McClung,CHI,SG,ACTIVE,False,1,0,3,3,2,2,1,0,3,3,2,2,0,0,0,0,0,0,0,0,0,0,0,0,0.02,0.06,0.0,0.0,0.0,0.0,0.0,0.0,0.0,0.01,0.0,0.0,0.08,0.08,0.0,0.0,0.0,0.01,0.0,0.0,0.07,0.06,0.0,0.0
James Nunnally,NOP,SG,ACTIVE,False,0,0,0,0,0,0,0,0,0,0,0,0,0,0,0,0,0,0,0,0,0,0,0,0,0.0,0.0,0.0,0.0,0.0,0.0,0.0,0.0,0.0,0.0,0.0,0.0,0.0,0.0,0.0,0.0,0.0,0.0,0.0,0.0,0.0,0.0,0.0,0.0
E'Twaun Moore,ORL,SG,OUT,True,0,0,0,0,0,0,0,0,0,0,0,0,0,0,0,0,0,0,0,0,0,0,0,0,0.0,0.0,0.0,0.0,0.0,0.0,0.0,0.0,0.0,0.0,0.0,0.0,0.0,0.0,0.0,0.0,0.0,0.0,0.0,0.0,0.0,0.0,0.0,0.0
Rondae Hollis-Jefferson,POR,PF,ACTIVE,False,0,0,0,0,0,0,0,0,0,0,0,0,0,0,0,0,0,0,0,0,0,0,0,0,0.0,0.0,0.0,0.0,0.0,0.0,0.0,0.0,0.0,0.0,0.0,0.0,0.0,0.0,0.0,0.0,0.0,0.0,0.0,0.0,0.0,0.0,0.0,0.0
Arnoldas Kulboka,CHA,SF,ACTIVE,False,1,0,3,3,0,0,0,0,0,0,0,0,0,0,0,0,0,0,0,0,0,0,0,0,0.02,0.0,0.0,0.0,0.0,0.0,0.0,0.0,0.0,0.0,0.0,0.0,0.08,0.0,0.0,0.0,0.0,0.0,0.0,0.0,0.0,0.0,0.0,0.0
RaiQuan Gray,BKN,PF,ACTIVE,False,0,0,0,0,0,0,0,0,0,0,0,0,0,0,0,0,0,0,0,0,0,0,0,0,0.0,0.0,0.0,0.0,0.0,0.0,0.0,0.0,0.0,0.0,0.0,0.0,0.0,0.0,0.0,0.0,0.0,0.0,0.0,0.0,0.0,0.0,0.0,0.0
Marko Simonovic,CHI,C,ACTIVE,False,9,0,37,4,40,4,5,0,21,4,29,5,5,0,21,4,29,5,2,0,11,5,20,10,0.21,0.31,0.62,0.4,0.0,0.0,0.0,0.0,0.04,0.06,0.11,0.1,0.11,0.11,0.1,0.19,0.06,0.1,0.16,0.2,0.15,0.16,0.09,0.29
Mfiondu Kabengele,CLE,PF,ACTIVE,False,0,0,0,0,0,0,0,0,0,0,0,0,0,0,0,0,0,0,0,0,0,0,0,0,0.0,0.0,0.0,0.0,0.0,0.0,0.0,0.0,0.0,0.0,0.0,0.0,0.0,0.0,0.0,0.0,0.0,0.0,0.0,0.0,0.0,0.0,0.0,0.0
Jay Huff,LAL,C,ACTIVE,False,4,0,20,5,11,2,1,0,4,4,1,1,0,0,0,0,0,0,0,0,0,0,0,0,0.09,0.06,0.0,0.0,0.0,0.0,0.0,0.0,0.02,0.01,0.0,0.0,0.14,0.11,0.0,0.0,0.02,0.0,0.0,0.0,0.07,0.03,0.0,0.0
Rodions Kurucs,MIL,PF,ACTIVE,False,0,0,0,0,0,0,0,0,0,0,0,0,0,0,0,0,0,0,0,0,0,0,0,0,0.0,0.0,0.0,0.0,0.0,0.0,0.0,0.0,0.0,0.0,0.0,0.0,0.0,0.0,0.0,0.0,0.0,0.0,0.0,0.0,0.0,0.0,0.0,0.0
Deividas Sirvydis,DET,SF,ACTIVE,False,3,0,27,9,20,6,3,0,27,9,20,6,0,0,0,0,0,0,0,0,0,0,0,0,0.07,0.19,0.0,0.0,0.0,0.0,0.0,0.0,0.03,0.08,0.0,0.0,0.25,0.25,0.0,0.0,0.03,0.07,0.0,0.0,0.22,0.19,0.0,0.0
Filip Petrusev,PHL,C,ACTIVE,False,0,0,0,0,0,0,0,0,0,0,0,0,0,0,0,0,0,0,0,0,0,0,0,0,0.0,0.0,0.0,0.0,0.0,0.0,0.0,0.0,0.0,0.0,0.0,0.0,0.0,0.0,0.0,0.0,0.0,0.0,0.0,0.0,0.0,0.0,0.0,0.0
Balsa Koprivica,DET,C,ACTIVE,False,0,0,0,0,0,0,0,0,0,0,0,0,0,0,0,0,0,0,0,0,0,0,0,0,0.0,0.0,0.0,0.0,0.0,0.0,0.0,0.0,0.0,0.0,0.0,0.0,0.0,0.0,0.0,0.0,0.0,0.0,0.0,0.0,0.0,0.0,0.0,0.0
Haywood Highsmith,MIA,SF,ACTIVE,False,4,0,42,10,26,6,4,0,42,10,26,6,1,0,3,3,0,0,0,0,0,0,0,0,0.09,0.25,0.12,0.0,0.0,0.0,0.0,0.0,0.05,0.12,0.02,0.0,0.28,0.28,0.07,0.0,0.04,0.09,0.0,0.0,0.22,0.19,0.0,0.0
Didi Louzada,NOP,SG,ACTIVE,False,2,0,7,3,6,3,0,0,0,0,0,0,0,0,0,0,0,0,0,0,0,0,0,0,0.05,0.0,0.0,0.0,0.0,0.0,0.0,0.0,0.01,0.0,0.0,0.0,0.08,0.0,0.0,0.0,0.01,0.0,0.0,0.0,0.11,0.0,0.0,0.0
Nicolo Melli,DAL,PF,ACTIVE,False,0,0,0,0,0,0,0,0,0,0,0,0,0,0,0,0,0,0,0,0,0,0,0,0,0.0,0.0,0.0,0.0,0.0,0.0,0.0,0.0,0.0,0.0,0.0,0.0,0.0,0.0,0.0,0.0,0.0,0.0,0.0,0.0,0.0,0.0,0.0,0.0
Mason Jones,LAL,SG,ACTIVE,False,2,0,9,4,11,5,1,0,6,6,5,5,0,0,0,0,0,0,0,0,0,0,0,0,0.05,0.06,0.0,0.0,0.0,0.0,0.0,0.0,0.01,0.02,0.0,0.0,0.11,0.17,0.0,0.0,0.02,0.02,0.0,0.0,0.19,0.16,0.0,0.0
Nate Hinton,IND,SG,ACTIVE,False,2,0,3,1,-1,0,2,0,3,1,-1,0,0,0,0,0,0,0,0,0,0,0,0,0,0.05,0.12,0.0,0.0,0.0,0.0,0.0,0.0,0.0,0.01,0.0,0.0,0.03,0.03,0.0,0.0,-0.0,-0.0,0.0,0.0,0.0,0.0,0.0,0.0
Alen Smailagic,GSW,PF,ACTIVE,False,0,0,0,0,0,0,0,0,0,0,0,0,0,0,0,0,0,0,0,0,0,0,0,0,0.0,0.0,0.0,0.0,0.0,0.0,0.0,0.0,0.0,0.0,0.0,0.0,0.0,0.0,0.0,0.0,0.0,0.0,0.0,0.0,0.0,0.0,0.0,0.0
George King,DAL,SF,ACTIVE,False,4,0,19,4,8,2,4,0,19,4,8,2,0,0,0,0,0,0,0,0,0,0,0,0,0.09,0.25,0.0,0.0,0.0,0.0,0.0,0.0,0.02,0.06,0.0,0.0,0.11,0.11,0.0,0.0,0.01,0.03,0.0,0.0,0.07,0.06,0.0,0.0
Mario Chalmers,MIA,PG,ACTIVE,False,0,0,0,0,0,0,0,0,0,0,0,0,0,0,0,0,0,0,0,0,0,0,0,0,0.0,0.0,0.0,0.0,0.0,0.0,0.0,0.0,0.0,0.0,0.0,0.0,0.0,0.0,0.0,0.0,0.0,0.0,0.0,0.0,0.0,0.0,0.0,0.0
Jemerrio Jones,LAL,SF,ACTIVE,False,2,0,15,7,13,6,1,0,12,12,5,5,0,0,0,0,0,0,0,0,0,0,0,0,0.05,0.06,0.0,0.0,0.0,0.0,0.0,0.0,0.02,0.04,0.0,0.0,0.19,0.33,0.0,0.0,0.02,0.02,0.0,0.0,0.22,0.16,0.0,0.0
RJ Nembhard Jr.,CLE,SG,ACTIVE,False,6,0,41,6,33,5,3,0,35,11,23,7,1,0,2,2,0,0,0,0,0,0,0,0,0.14,0.19,0.12,0.0,0.0,0.0,0.0,0.0,0.04,0.1,0.01,0.0,0.17,0.31,0.05,0.0,0.05,0.08,0.0,0.0,0.19,0.22,0.0,0.0
JaKarr Sampson,IND,PF,ACTIVE,False,0,0,0,0,0,0,0,0,0,0,0,0,0,0,0,0,0,0,0,0,0,0,0,0,0.0,0.0,0.0,0.0,0.0,0.0,0.0,0.0,0.0,0.0,0.0,0.0,0.0,0.0,0.0,0.0,0.0,0.0,0.0,0.0,0.0,0.0,0.0,0.0
Scotty Hopson,OKC,SG,ACTIVE,False,1,0,18,18,7,7,1,0,18,18,7,7,0,0,0,0,0,0,0,0,0,0,0,0,0.02,0.06,0.0,0.0,0.0,0.0,0.0,0.0,0.02,0.05,0.0,0.0,0.5,0.5,0.0,0.0,0.01,0.02,0.0,0.0,0.26,0.22,0.0,0.0
Norvel Pelle,UTA,C,ACTIVE,False,3,0,19,6,21,7,3,0,19,6,21,7,3,0,19,6,21,7,0,0,0,0,0,0,0.07,0.19,0.38,0.0,0.0,0.0,0.0,0.0,0.02,0.06,0.1,0.0,0.17,0.17,0.15,0.0,0.03,0.07,0.12,0.0,0.26,0.22,0.12,0.0
Rayjon Tucker,DEN,SF,ACTIVE,False,3,0,30,10,21,7,3,0,30,10,21,7,0,0,0,0,0,0,0,0,0,0,0,0,0.07,0.19,0.0,0.0,0.0,0.0,0.0,0.0,0.03,0.09,0.0,0.0,0.28,0.28,0.0,0.0,0.03,0.07,0.0,0.0,0.26,0.22,0.0,0.0
Devin Cannady,ORL,PG,ACTIVE,False,0,0,0,0,0,0,0,0,0,0,0,0,0,0,0,0,0,0,0,0,0,0,0,0,0.0,0.0,0.0,0.0,0.0,0.0,0.0,0.0,0.0,0.0,0.0,0.0,0.0,0.0,0.0,0.0,0.0,0.0,0.0,0.0,0.0,0.0,0.0,0.0
Joel Ayayi,WAS,PG,ACTIVE,False,7,0,20,2,15,2,2,0,7,3,7,3,0,0,0,0,0,0,0,0,0,0,0,0,0.16,0.12,0.0,0.0,0.0,0.0,0.0,0.0,0.02,0.02,0.0,0.0,0.06,0.08,0.0,0.0,0.02,0.02,0.0,0.0,0.07,0.09,0.0,0.0
Trendon Watford,POR,PF,ACTIVE,False,18,0,165,9,178,9,9,0,121,13,121,13,7,0,103,14,108,15,3,0,40,13,35,11,0.42,0.56,0.88,0.6,0.0,0.0,0.0,0.0,0.18,0.35,0.55,0.38,0.25,0.36,0.34,0.48,0.25,0.4,0.61,0.36,0.33,0.41,0.27,0.31
DaQuan Jeffries,MEM,SG,ACTIVE,False,3,0,9,3,8,2,3,0,9,3,8,2,2,0,8,4,8,4,0,0,0,0,0,0,0.07,0.19,0.25,0.0,0.0,0.0,0.0,0.0,0.01,0.03,0.04,0.0,0.08,0.08,0.1,0.0,0.01,0.03,0.05,0.0,0.07,0.06,0.07,0.0
Jaylen Morris,SAS,SG,ACTIVE,False,3,0,17,5,7,2,3,0,17,5,7,2,2,0,11,5,2,1,0,0,0,0,0,0,0.07,0.19,0.25,0.0,0.0,0.0,0.0,0.0,0.02,0.05,0.06,0.0,0.14,0.14,0.12,0.0,0.01,0.02,0.01,0.0,0.07,0.06,0.02,0.0
Malik Newman,CLE,SG,ACTIVE,False,1,0,8,8,13,13,1,0,8,8,13,13,0,0,0,0,0,0,0,0,0,0,0,0,0.02,0.06,0.0,0.0,0.0,0.0,0.0,0.0,0.01,0.02,0.0,0.0,0.22,0.22,0.0,0.0,0.02,0.04,0.0,0.0,0.48,0.41,0.0,0.0
Sindarius Thornwell,ORL,SG,ACTIVE,False,0,0,0,0,0,0,0,0,0,0,0,0,0,0,0,0,0,0,0,0,0,0,0,0,0.0,0.0,0.0,0.0,0.0,0.0,0.0,0.0,0.0,0.0,0.0,0.0,0.0,0.0,0.0,0.0,0.0,0.0,0.0,0.0,0.0,0.0,0.0,0.0
Hassani Gravett,ORL,PG,ACTIVE,False,8,3,172,21,132,16,6,3,123,20,95,15,0,0,0,0,0,0,0,0,0,0,0,0,0.19,0.38,0.0,0.0,0.09,0.27,0.0,0.0,0.19,0.36,0.0,0.0,0.58,0.56,0.0,0.0,0.19,0.31,0.0,0.0,0.59,0.47,0.0,0.0
Daishen Nix,HOU,SG,ACTIVE,False,8,0,68,8,75,9,7,0,66,9,74,10,3,0,21,7,26,8,0,0,0,0,0,0,0.19,0.44,0.38,0.0,0.0,0.0,0.0,0.0,0.07,0.19,0.11,0.0,0.22,0.25,0.17,0.0,0.11,0.24,0.15,0.0,0.33,0.31,0.14,0.0
Juwan Morgan,TOR,SF,ACTIVE,False,1,0,27,27,16,16,1,0,27,27,16,16,0,0,0,0,0,0,0,0,0,0,0,0,0.02,0.06,0.0,0.0,0.0,0.0,0.0,0.0,0.03,0.08,0.0,0.0,0.75,0.75,0.0,0.0,0.02,0.05,0.0,0.0,0.59,0.5,0.0,0.0
Jarrell Brantley,UTA,PF,ACTIVE,False,0,0,0,0,0,0,0,0,0,0,0,0,0,0,0,0,0,0,0,0,0,0,0,0,0.0,0.0,0.0,0.0,0.0,0.0,0.0,0.0,0.0,0.0,0.0,0.0,0.0,0.0,0.0,0.0,0.0,0.0,0.0,0.0,0.0,0.0,0.0,0.0
Emanuel Terry,PHO,PF,ACTIVE,False,3,0,18,6,31,10,3,0,18,6,31,10,0,0,0,0,0,0,0,0,0,0,0,0,0.07,0.19,0.0,0.0,0.0,0.0,0.0,0.0,0.02,0.05,0.0,0.0,0.17,0.17,0.0,0.0,0.04,0.1,0.0,0.0,0.37,0.31,0.0,0.0
Jeff Dowtin,MIL,PG,ACTIVE,False,5,0,32,6,27,5,1,0,3,3,0,0,1,0,3,3,0,0,0,0,0,0,0,0,0.12,0.06,0.12,0.0,0.0,0.0,0.0,0.0,0.03,0.01,0.02,0.0,0.17,0.08,0.07,0.0,0.04,0.0,0.0,0.0,0.19,0.0,0.0,0.0
Amida Brimah,IND,C,ACTIVE,False,0,0,0,0,0,0,0,0,0,0,0,0,0,0,0,0,0,0,0,0,0,0,0,0,0.0,0.0,0.0,0.0,0.0,0.0,0.0,0.0,0.0,0.0,0.0,0.0,0.0,0.0,0.0,0.0,0.0,0.0,0.0,0.0,0.0,0.0,0.0,0.0
Josh Hall,OKC,SF,ACTIVE,False,0,0,0,0,0,0,0,0,0,0,0,0,0,0,0,0,0,0,0,0,0,0,0,0,0.0,0.0,0.0,0.0,0.0,0.0,0.0,0.0,0.0,0.0,0.0,0.0,0.0,0.0,0.0,0.0,0.0,0.0,0.0,0.0,0.0,0.0,0.0,0.0
Josh Gray,BKN,PG,ACTIVE,False,0,0,0,0,0,0,0,0,0,0,0,0,0,0,0,0,0,0,0,0,0,0,0,0,0.0,0.0,0.0,0.0,0.0,0.0,0.0,0.0,0.0,0.0,0.0,0.0,0.0,0.0,0.0,0.0,0.0,0.0,0.0,0.0,0.0,0.0,0.0,0.0
Chaundee Brown Jr.,ATL,SG,ACTIVE,False,5,2,103,20,77,15,3,2,83,27,71,23,0,0,0,0,0,0,0,0,0,0,0,0,0.12,0.19,0.0,0.0,0.06,0.18,0.0,0.0,0.11,0.24,0.0,0.0,0.56,0.75,0.0,0.0,0.11,0.23,0.0,0.0,0.56,0.72,0.0,0.0
Chris Clemons,ATL,PG,ACTIVE,False,0,0,0,0,0,0,0,0,0,0,0,0,0,0,0,0,0,0,0,0,0,0,0,0,0.0,0.0,0.0,0.0,0.0,0.0,0.0,0.0,0.0,0.0,0.0,0.0,0.0,0.0,0.0,0.0,0.0,0.0,0.0,0.0,0.0,0.0,0.0,0.0
JaQuori McLaughlin,DAL,PG,ACTIVE,False,4,0,12,3,2,0,0,0,0,0,0,0,0,0,0,0,0,0,0,0,0,0,0,0,0.09,0.0,0.0,0.0,0.0,0.0,0.0,0.0,0.01,0.0,0.0,0.0,0.08,0.0,0.0,0.0,0.0,0.0,0.0,0.0,0.0,0.0,0.0,0.0
Axel Toupane,MIL,SG,ACTIVE,False,0,0,0,0,0,0,0,0,0,0,0,0,0,0,0,0,0,0,0,0,0,0,0,0,0.0,0.0,0.0,0.0,0.0,0.0,0.0,0.0,0.0,0.0,0.0,0.0,0.0,0.0,0.0,0.0,0.0,0.0,0.0,0.0,0.0,0.0,0.0,0.0
Sam Dekker,TOR,PF,ACTIVE,False,1,0,1,1,0,0,0,0,0,0,0,0,0,0,0,0,0,0,0,0,0,0,0,0,0.02,0.0,0.0,0.0,0.0,0.0,0.0,0.0,0.0,0.0,0.0,0.0,0.03,0.0,0.0,0.0,0.0,0.0,0.0,0.0,0.0,0.0,0.0,0.0
Brian Bowen II,MIN,SG,ACTIVE,False,0,0,0,0,0,0,0,0,0,0,0,0,0,0,0,0,0,0,0,0,0,0,0,0,0.0,0.0,0.0,0.0,0.0,0.0,0.0,0.0,0.0,0.0,0.0,0.0,0.0,0.0,0.0,0.0,0.0,0.0,0.0,0.0,0.0,0.0,0.0,0.0
Mychal Mulder,ORL,SG,ACTIVE,False,15,2,196,13,114,7,0,0,0,0,0,0,0,0,0,0,0,0,0,0,0,0,0,0,0.35,0.0,0.0,0.0,0.06,0.0,0.0,0.0,0.21,0.0,0.0,0.0,0.36,0.0,0.0,0.0,0.16,0.0,0.0,0.0,0.26,0.0,0.0,0.0
Jamorko Pickett,DET,PF,ACTIVE,False,6,0,46,7,21,3,3,0,38,12,18,6,0,0,0,0,0,0,0,0,0,0,0,0,0.14,0.19,0.0,0.0,0.0,0.0,0.0,0.0,0.05,0.11,0.0,0.0,0.19,0.33,0.0,0.0,0.03,0.06,0.0,0.0,0.11,0.19,0.0,0.0
Adam Mokoka,CHI,SG,ACTIVE,False,0,0,0,0,0,0,0,0,0,0,0,0,0,0,0,0,0,0,0,0,0,0,0,0,0.0,0.0,0.0,0.0,0.0,0.0,0.0,0.0,0.0,0.0,0.0,0.0,0.0,0.0,0.0,0.0,0.0,0.0,0.0,0.0,0.0,0.0,0.0,0.0
Darren Collison,LAL,PG,ACTIVE,False,3,0,37,12,14,4,3,0,37,12,14,4,0,0,0,0,0,0,0,0,0,0,0,0,0.07,0.19,0.0,0.0,0.0,0.0,0.0,0.0,0.04,0.11,0.0,0.0,0.33,0.33,0.0,0.0,0.02,0.05,0.0,0.0,0.15,0.12,0.0,0.0
Nate Darling,CHA,SG,OUT,True,0,0,0,0,0,0,0,0,0,0,0,0,0,0,0,0,0,0,0,0,0,0,0,0,0.0,0.0,0.0,0.0,0.0,0.0,0.0,0.0,0.0,0.0,0.0,0.0,0.0,0.0,0.0,0.0,0.0,0.0,0.0,0.0,0.0,0.0,0.0,0.0
Yves Pons,MEM,SG,ACTIVE,False,5,0,20,4,14,2,1,0,7,7,4,4,0,0,0,0,0,0,0,0,0,0,0,0,0.12,0.06,0.0,0.0,0.0,0.0,0.0,0.0,0.02,0.02,0.0,0.0,0.11,0.19,0.0,0.0,0.02,0.01,0.0,0.0,0.07,0.12,0.0,0.0
Zylan Cheatham,UTA,SF,ACTIVE,False,1,0,5,5,0,0,1,0,5,5,0,0,1,0,5,5,0,0,0,0,0,0,0,0,0.02,0.06,0.12,0.0,0.0,0.0,0.0,0.0,0.01,0.01,0.03,0.0,0.14,0.14,0.12,0.0,0.0,0.0,0.0,0.0,0.0,0.0,0.0,0.0
Cat Barber,ATL,PG,ACTIVE,False,3,0,13,4,9,3,3,0,13,4,9,3,0,0,0,0,0,0,0,0,0,0,0,0,0.07,0.19,0.0,0.0,0.0,0.0,0.0,0.0,0.01,0.04,0.0,0.0,0.11,0.11,0.0,0.0,0.01,0.03,0.0,0.0,0.11,0.09,0.0,0.0
Jordan Schakel,WAS,SF,ACTIVE,False,2,0,14,7,7,3,2,0,14,7,7,3,0,0,0,0,0,0,0,0,0,0,0,0,0.05,0.12,0.0,0.0,0.0,0.0,0.0,0.0,0.02,0.04,0.0,0.0,0.19,0.19,0.0,0.0,0.01,0.02,0.0,0.0,0.11,0.09,0.0,0.0
Moses Wright,LAC,PF,OUT,True,1,0,1,1,1,1,1,0,1,1,1,1,0,0,0,0,0,0,0,0,0,0,0,0,0.02,0.06,0.0,0.0,0.0,0.0,0.0,0.0,0.0,0.0,0.0,0.0,0.03,0.03,0.0,0.0,0.0,0.0,0.0,0.0,0.04,0.03,0.0,0.0
Eugene Omoruyi,DAL,SF,OUT,True,4,0,18,4,26,6,0,0,0,0,0,0,0,0,0,0,0,0,0,0,0,0,0,0,0.09,0.0,0.0,0.0,0.0,0.0,0.0,0.0,0.02,0.0,0.0,0.0,0.11,0.0,0.0,0.0,0.04,0.0,0.0,0.0,0.22,0.0,0.0,0.0
Sean McDermott,MEM,SG,OUT,True,0,0,0,0,0,0,0,0,0,0,0,0,0,0,0,0,0,0,0,0,0,0,0,0,0.0,0.0,0.0,0.0,0.0,0.0,0.0,0.0,0.0,0.0,0.0,0.0,0.0,0.0,0.0,0.0,0.0,0.0,0.0,0.0,0.0,0.0,0.0,0.0
Jordan Goodwin,WAS,SG,ACTIVE,False,2,0,6,3,1,0,2,0,6,3,1,0,0,0,0,0,0,0,0,0,0,0,0,0,0.05,0.12,0.0,0.0,0.0,0.0,0.0,0.0,0.01,0.02,0.0,0.0,0.08,0.08,0.0,0.0,0.0,0.0,0.0,0.0,0.0,0.0,0.0,0.0
Carlik Jones,DEN,PG,ACTIVE,False,5,0,23,4,17,3,5,0,23,4,17,3,0,0,0,0,0,0,0,0,0,0,0,0,0.12,0.31,0.0,0.0,0.0,0.0,0.0,0.0,0.02,0.07,0.0,0.0,0.11,0.11,0.0,0.0,0.02,0.06,0.0,0.0,0.11,0.09,0.0,0.0
Nik Stauskas,MIA,SG,ACTIVE,False,2,0,24,12,21,10,2,0,24,12,21,10,0,0,0,0,0,0,0,0,0,0,0,0,0.05,0.12,0.0,0.0,0.0,0.0,0.0,0.0,0.03,0.07,0.0,0.0,0.33,0.33,0.0,0.0,0.03,0.07,0.0,0.0,0.37,0.31,0.0,0.0
Matt Mooney,NYK,SG,ACTIVE,False,1,0,2,2,0,0,1,0,2,2,0,0,0,0,0,0,0,0,0,0,0,0,0,0,0.02,0.06,0.0,0.0,0.0,0.0,0.0,0.0,0.0,0.01,0.0,0.0,0.06,0.06,0.0,0.0,0.0,0.0,0.0,0.0,0.0,0.0,0.0,0.0
Brandon Williams,POR,PG,ACTIVE,False,2,0,12,6,17,8,2,0,12,6,17,8,0,0,0,0,0,0,0,0,0,0,0,0,0.05,0.12,0.0,0.0,0.0,0.0,0.0,0.0,0.01,0.04,0.0,0.0,0.17,0.17,0.0,0.0,0.02,0.06,0.0,0.0,0.3,0.25,0.0,0.0
Jaime Echenique,WAS,C,ACTIVE,False,1,0,3,3,0,0,1,0,3,3,0,0,0,0,0,0,0,0,0,0,0,0,0,0,0.02,0.06,0.0,0.0,0.0,0.0,0.0,0.0,0.0,0.01,0.0,0.0,0.08,0.08,0.0,0.0,0.0,0.0,0.0,0.0,0.0,0.0,0.0,0.0
MJ Walker,PHO,SG,ACTIVE,False,2,0,9,4,5,2,2,0,9,4,5,2,0,0,0,0,0,0,0,0,0,0,0,0,0.05,0.12,0.0,0.0,0.0,0.0,0.0,0.0,0.01,0.03,0.0,0.0,0.11,0.11,0.0,0.0,0.01,0.02,0.0,0.0,0.07,0.06,0.0,0.0
Olivier Sarr,OKC,C,ACTIVE,False,2,0,14,7,17,8,2,0,14,7,17,8,0,0,0,0,0,0,0,0,0,0,0,0,0.05,0.12,0.0,0.0,0.0,0.0,0.0,0.0,0.02,0.04,0.0,0.0,0.19,0.19,0.0,0.0,0.02,0.06,0.0,0.0,0.3,0.25,0.0,0.0
Xavier Sneed,MEM,SF,ACTIVE,False,2,0,7,3,3,1,2,0,7,3,3,1,0,0,0,0,0,0,0,0,0,0,0,0,0.05,0.12,0.0,0.0,0.0,0.0,0.0,0.0,0.01,0.02,0.0,0.0,0.08,0.08,0.0,0.0,0.0,0.01,0.0,0.0,0.04,0.03,0.0,0.0
Jarron Cumberland,POR,SG,ACTIVE,False,3,0,12,4,10,3,3,0,12,4,10,3,0,0,0,0,0,0,0,0,0,0,0,0,0.07,0.19,0.0,0.0,0.0,0.0,0.0,0.0,0.01,0.04,0.0,0.0,0.11,0.11,0.0,0.0,0.01,0.03,0.0,0.0,0.11,0.09,0.0,0.0
Terry Taylor,IND,SG,ACTIVE,False,2,0,6,3,3,1,2,0,6,3,3,1,1,0,5,5,2,2,0,0,0,0,0,0,0.05,0.12,0.12,0.0,0.0,0.0,0.0,0.0,0.01,0.02,0.03,0.0,0.08,0.08,0.12,0.0,0.0,0.01,0.01,0.0,0.04,0.03,0.04,0.0
Jon Teske,MEM,C,ACTIVE,False,3,0,8,2,6,2,3,0,8,2,6,2,2,0,7,3,5,2,0,0,0,0,0,0,0.07,0.19,0.25,0.0,0.0,0.0,0.0,0.0,0.01,0.02,0.04,0.0,0.06,0.06,0.07,0.0,0.01,0.02,0.03,0.0,0.07,0.06,0.04,0.0
Javin DeLaurier,MIL,C,ACTIVE,False,1,0,3,3,2,2,1,0,3,3,2,2,0,0,0,0,0,0,0,0,0,0,0,0,0.02,0.06,0.0,0.0,0.0,0.0,0.0,0.0,0.0,0.01,0.0,0.0,0.08,0.08,0.0,0.0,0.0,0.01,0.0,0.0,0.07,0.06,0.0,0.0
Cameron McGriff,POR,SF,ACTIVE,False,3,0,47,15,54,18,3,0,47,15,54,18,0,0,0,0,0,0,0,0,0,0,0,0,0.07,0.19,0.0,0.0,0.0,0.0,0.0,0.0,0.05,0.14,0.0,0.0,0.42,0.42,0.0,0.0,0.08,0.18,0.0,0.0,0.67,0.56,0.0,0.0
Jaylen Hoard,OKC,SF,ACTIVE,False,1,0,2,2,4,4,1,0,2,2,4,4,0,0,0,0,0,0,0,0,0,0,0,0,0.02,0.06,0.0,0.0,0.0,0.0,0.0,0.0,0.0,0.01,0.0,0.0,0.06,0.06,0.0,0.0,0.01,0.01,0.0,0.0,0.15,0.12,0.0,0.0
